Voltage_measured_mean,Voltage_measured_std,Voltage_measured_var,Voltage_measured_median,Voltage_measured_rms,Voltage_measured_min,Voltage_measured_max,Voltage_measured_skew,Voltage_measured_kurtosis,Voltage_measured_peak_to_peak,Voltage_measured_energy,Current_measured_mean,Current_measured_std,Current_measured_var,Current_measured_median,Current_measured_rms,Current_measured_min,Current_measured_max,Current_measured_skew,Current_measured_kurtosis,Current_measured_peak_to_peak,Current_measured_energy,Temperature_measured_mean,Temperature_measured_std,Temperature_measured_var,Temperature_measured_median,Temperature_measured_rms,Temperature_measured_min,Temperature_measured_max,Temperature_measured_skew,Temperature_measured_kurtosis,Temperature_measured_peak_to_peak,Temperature_measured_energy,Voltage_load_mean,Voltage_load_std,Voltage_load_var,Voltage_load_median,Voltage_load_rms,Voltage_load_min,Voltage_load_max,Voltage_load_skew,Voltage_load_kurtosis,Voltage_load_peak_to_peak,Voltage_load_energy,Current_load_mean,Current_load_std,Current_load_var,Current_load_median,Current_load_rms,Current_load_min,Current_load_max,Current_load_skew,Current_load_kurtosis,Current_load_peak_to_peak,Current_load_energy,Time_mean,Time_std,Time_var,Time_median,Time_rms,Time_min,Time_max,Time_skew,Time_kurtosis,Time_peak_to_peak,Time_energy,File,Experiment,battery_id,cycle_index,filename,Capacity,capacity_fade_rate,Voltage_measured_mean_rolling_mean_w5,Voltage_measured_mean_rolling_std_w5,Time_max_rolling_mean_w5,Time_max_rolling_std_w5,Temperature_measured_mean_rolling_mean_w5,Temperature_measured_mean_rolling_std_w5,Re_nearest,Rct_nearest,Re_trend,Rct_trend
3.529828668852792,0.2359570707015622,0.05567573921406202,3.529903338,3.537706343193162,2.612467348,4.191491808,-0.5078152058098998,1.3098807090784153,1.5790244600000003,2465.527135621819,-1.818701964177665,0.5935461816855084,0.35229706979344655,-2.012427485,1.9131058267375445,-2.018014688,0.000728585,2.7340511436818566,5.475108475685907,2.018743273,721.0148591465372,32.572328114060916,3.486920476168426,12.158614407122643,32.86578627,32.75843667175169,24.32599342,38.98218133,-0.3913933296708763,-0.3779300092567488,14.656187910000003,211403.68911590165,2.4049441624365477,0.7949485453635143,0.6319431897755674,2.61,2.5329231362623696,0.0,4.206,-2.408325738742434,4.828281702853517,4.206,1263.892824,-1.8055695431472079,0.5897144186121623,0.34776309551908063,-1.9982,1.8994326707361593,-1.9984,-0.0004,2.734074289148223,5.475162410702453,1.998,710.74536072,1812.0874974619292,1066.555257358222,1137540.1169984632,1796.328,2102.6652647191136,0.0,3690.234,0.035741066009063,-1.1914027885836447,3690.234,870976639.444891,05122.csv,discharge,B0005,1,05122.csv,1.856487421,0.0,3.529828668852792,0.0,3690.234,0.0,32.572328114060916,0.0,,,,
3.5373201277859714,0.23476492928592216,0.055114572022624035,3.5357367248255454,3.545102009598931,2.587208728940726,4.189773213846608,-0.5500701751270534,1.5308560590267577,1.6025644849058818,2463.2786586586262,-1.8175598506612867,0.5951796218062511,0.3542387822134321,-2.0123677195748773,1.912527801876174,-2.016820542901454,0.0029274033590803,2.7245215286961075,5.423096368833331,2.0197479462605346,716.9214682180648,32.72523522519307,3.426734226466467,11.742507458836736,32.96878538029273,32.90415669794705,24.685948163596,39.03339796678704,-0.37205398111118443,-0.41731706960354265,14.347449803191044,212205.97148859856,2.399260204081633,0.7945610896280907,0.6313273251509788,2.6045,2.5274051618291864,0.0,4.204,-2.4065043509292474,4.809062487723994,4.204,1252.004263,-1.8045826530612243,0.5910476943919353,0.3493373770460225,-1.9982,1.898909141790494,-1.9984,-0.0006,2.7245428432831926,5.423133870947778,1.9978,706.74776204,1803.1433724489798,1061.4523336473942,1126681.056605499,1787.6644999999999,2092.368772040956,0.0,3672.344,0.03581547686501589,-1.1915719596231928,3672.344,858089387.329587,05124.csv,discharge,B0005,2,05124.csv,1.84632725,-0.010160170999999558,3.5335743983193817,0.005297261412631674,3681.2889999999998,12.650140315427084,32.64878166962699,0.10812165517318927,,,,
3.5437367282719,0.22752543549673085,0.05176782379797703,3.538222978668746,3.5510333458165673,2.65191689384378,4.188186735991303,-0.4393639218470159,1.3244214531001433,1.5362698421475236,2458.9183755047347,-1.8164865418840956,0.5964980204475099,0.35580988839779787,-2.0124219555608507,1.9119187339538881,-2.016573862170142,0.001483676365228,2.714949639343864,5.371035876320883,2.0180575385353703,712.8094828225485,32.64286193755933,3.3794750427627753,11.420851564656461,32.885532036436224,32.81733211336986,24.7342661639544,38.81879668981741,-0.3686519542432963,-0.4353881508126851,14.084530525863013,210010.5709726472,2.3979692307692306,0.7953416740875797,0.6325683785404338,2.602,2.5264253027264454,0.0,4.203,-2.4074246632337952,4.802855395513346,4.203,1244.650838,-1.8035753846153844,0.5924003918082733,0.3509382242145957,-1.9982,1.8983736176541035,-1.9984,-0.0004,2.714979235394293,5.371112351734608,1.998,702.74536648,1793.8093794871795,1055.6950228947555,1114491.9813647585,1778.828,2081.4043507451743,0.0,3651.641,0.03488455490128219,-1.19194143952422,3651.641,844787593.9036832,05126.csv,discharge,B0005,3,05126.csv,1.835349194,-0.010569113500000034,3.536961841636888,0.006960948636847462,3671.406333333334,19.31357880697739,32.64680842560444,0.07652991071870303,,,,
3.5436661072601456,0.23274431724182537,0.054169917208363456,3.5402327724610636,3.551301085088765,2.592947964776547,4.188461118855572,-0.5478249142259592,1.584145032116524,1.5955131540790246,2446.6774430088117,-1.8255891938692528,0.5834624841611844,0.34042847042354035,-2.011943020614001,1.9165605587081584,-2.0159359571668354,0.0015470119527235,2.8071131251702597,5.879963334938754,2.017482969119559,712.6016487879713,32.51487646204882,3.3865437316993536,11.468678446712184,32.735170854807585,32.69076122987975,24.65224374129252,38.7623045063458,-0.34818963252931195,-0.4518952702194441,14.11006076505328,207325.05873906772,2.4082886597938145,0.7786620491449524,0.6063145867786163,2.6020000000000003,2.5310410616325654,0.0,4.203,-2.4695154995520325,5.204588876000422,4.203,1242.796758,-1.8128628865979384,0.5795636196666869,0.3358939892411521,-1.9982,1.9032513850895685,-1.9984,-0.0006,2.807142744015712,5.880050434306055,1.9978,702.7389719600001,1784.3594278350517,1050.0940498280504,1102697.513484276,1769.5705,2070.4193008152015,0.0,3631.563,0.03451505328134068,-1.1927222844051995,3631.563,831607399.7504928,05128.csv,discharge,B0005,4,05128.csv,1.835262528,-0.007465273500000211,3.5386379080427024,0.006598484548491742,3661.4455,25.40765672653273,32.61382543471554,0.09086287603665419,,,,
3.5423432526672167,0.23668857165678028,0.05602147995292682,3.5406031502388826,3.5502418508701465,2.547419651124539,4.188298524761055,-0.6233504368019621,1.7813245754909453,1.6408788736365159,2445.2181367359576,-1.8261139590277584,0.5834685498827803,0.3404355487023145,-2.012480691655285,1.9170622681744975,-2.017425579158831,0.0017014548245034,2.8071158066722948,5.879991351743719,2.0191270339833345,712.9747815713197,32.38234901543077,3.3958806914600226,11.532005670631001,32.58839593251643,32.55992219627991,24.518700434435164,38.66539257343368,-0.33944174668740806,-0.4644406525116227,14.146692138998514,205668.81548499345,2.408505154639175,0.7793313036836546,0.6073572809012646,2.6029999999999998,2.531453013750155,0.0,4.203,-2.464377519477626,5.181218282369331,4.203,1243.201346,-1.8128762886597938,0.5795679076181368,0.3358989595408651,-1.9982,1.9032654564000717,-1.9984,-0.0006,2.807142709086979,5.88005031847378,1.9978,702.74936312,1783.5013505154639,1049.3919421131511,1101223.4481720112,1768.391,2069.3236855220343,0.0,3629.172,0.03424194313776782,-1.1924536363564995,3629.172,830727499.9997239,05130.csv,discharge,B0005,5,05130.csv,1.834645508,-0.005474854799999867,3.5393789769676056,0.005949866764037388,3654.9908000000005,26.314967712311404,32.56753015085858,0.13003196998514877,,,,
3.5413347346347575,0.23931625998293235,0.05727227229221847,3.540441683624069,3.5494117787350126,2.5209480504077413,4.188815807948604,-0.6508049841546683,1.8442146766114709,1.6678677575408627,2456.673175129455,-1.8168108743168805,0.5967015706365189,0.35605276440008854,-2.012571147078172,1.9122903852281838,-2.0162347618032066,0.0024899497555445,2.7149594842728244,5.371073737001339,2.018724711558751,713.0866309000504,32.43418218230641,3.4173255675455376,11.678114034600432,32.65340419819955,32.6137131873947,24.51442664842638,38.75169504640032,-0.3428638528093601,-0.46479328364312344,14.237268397973942,207412.58613458043,2.3962512820512822,0.7959637045171173,0.6335582189086129,2.601,2.5249907773378153,0.0,4.203,-2.3970894997144594,4.7571862782915995,4.203,1243.237793,-1.80365641025641,0.5924201017187442,0.3509615769204471,-1.9982,1.8984567477768586,-1.9984,-0.0006,2.7149791408632913,5.37111202714558,1.9978,702.80691452,1793.4977589743594,1055.7867319383372,1114685.6233370341,1778.063,2081.1823165650535,0.0,3652.281,0.035411695157195076,-1.1919137962581867,3652.281,844607367.7827011,05132.csv,discharge,B0005,6,05132.csv,1.83566166,-0.002203486599999932,3.5416801901239987,0.0026335504100056376,3647.4002,17.6570377668508,32.53990096450768,0.14280673430103974,,,,
3.5410250495075215,0.24251533411963816,0.058813687283159735,3.5416438330354696,3.5493199473311647,2.487927319492314,4.18839163793879,-0.7040914023780916,1.975872551067023,1.700464318446476,2456.546057261966,-1.816791144707133,0.5964919190059063,0.3558026094393486,-2.012607460553084,1.912206231797607,-2.01583310669507,0.0023142958827398,2.7149571764000573,5.3710593356563106,2.0181474025778097,713.0238712204927,32.480416444757985,3.419542558294876,11.693271307989866,32.67874371075431,32.659925347938184,24.575581239008407,38.8207012322275,-0.3311889619151629,-0.47721472106693064,14.245119993219092,208000.79112791456,2.394646153846154,0.795903642488356,0.6334626081262328,2.601,2.523448594732298,0.0,4.203,-2.393031343792404,4.74107189962098,4.203,1241.7195980000001,-1.8036205128205127,0.5924048477006448,0.3509435035792242,-1.9982,1.898417882829319,-1.9984,-0.0006,2.7149791605870184,5.3711121025101445,1.9978,702.77813928,1792.8422461538462,1055.400674333478,1113870.58338356,1777.437,2080.4215685715067,0.0,3650.828,0.03561118337381398,-1.191685542300493,3650.828,843990011.080618,05134.csv,discharge,B0005,7,05134.csv,1.835146143,-6.969999999820518e-07,3.5424211744683083,0.0012665038187346788,3643.097,11.66247115752038,32.49093720842066,0.09845992370276861,,,,
3.554133296801584,0.227312510961654,0.05167097763969207,3.547054825803467,3.5613950172753084,2.665204904745877,4.188927891511958,-0.44841366582579717,1.3027864951542618,1.523722986766081,2422.555083593018,-1.8443412120754061,0.5573831672048897,0.310675995083354,-2.012705452409922,1.92672533113652,-2.0166395518034546,0.0022276160569156,3.0047856635561785,7.028839922204265,2.0188671678603702,709.0436658138383,32.41046186109587,3.3516161723228617,11.233330966576151,32.584806233808344,32.583298927765526,24.71132429046902,38.51713023385634,-0.3250796616943947,-0.49966604838232476,13.805805943387323,202779.23148208007,2.434628272251309,0.7434224895334652,0.5526769979441353,2.606,2.5456024477497516,0.0,4.203,-2.6323441026437004,6.240178088897954,4.203,1237.697538,-1.8308837696335079,0.5534257958540422,0.30628011151668,-1.9982,1.912698483667534,-1.9984,-0.0006,3.004817492004244,7.028928324913332,1.9978,698.75735848,1756.570764397906,1033.2916206868497,1067691.5733816565,1742.734,2037.948091517323,0.0,3572.453,0.03302261025299299,-1.192759872707285,3572.453,793267392.930348,05136.csv,discharge,B0005,8,05136.csv,1.825756791,-0.001851083900000068,3.544500488174245,0.005482734901316643,3627.2594000000004,32.43254486314618,32.44445719312797,0.05331656730643369,,,,
3.5529355991467955,0.23245384950762418,0.0540347921509132,3.5482456156032667,3.560531724874181,2.603858472633368,4.189029250882121,-0.5658330977802036,1.589089372723393,1.5851707782487532,2408.7033711287468,-1.853972745505648,0.5424840616663397,0.29428895716200903,-2.0125222354549934,1.931710096841594,-2.018357230695621,0.0054010283210214,3.1228357600528867,7.752253502780491,2.0237582590166423,708.9857406655544,32.3461408313,3.3724043396197616,11.373111029886202,32.50995598699333,32.52146887377904,24.628487294051176,38.526267904657,-0.30915797271321505,-0.507956931684697,13.897780610605821,200952.728164554,2.4485105263157894,0.7252489063797243,0.5259859762049861,2.609,2.5536620320011436,0.0,4.203,-2.707787318733463,6.793543024715733,4.203,1239.026057,-1.8405052631578949,0.5386730099573486,0.29016861165650976,-1.9982,1.9177143257973595,-1.9984,-0.0004,3.122880195595942,7.752380828234202,1.998,698.74936472,1745.895568421053,1027.0003359055174,1054729.6899500454,1731.6245,2025.5569668074793,0.0,3550.594,0.03321746807133108,-1.1925830729492366,3550.594,779547394.89864,05138.csv,discharge,B0005,9,05138.csv,1.824773853,-0.002964817900000216,3.5463543865515748,0.006586192709649345,3611.0655999999994,46.78500469488046,32.410710066978204,0.05094977023566794,,,,
3.5512057319376997,0.23672870147542147,0.056040478102239215,3.548092545796841,3.559087330854557,2.552853984885676,4.189223427076418,-0.647594331186831,1.8234915211538922,1.636369442190742,2406.7494994433887,-1.853589933851096,0.5423346882876612,0.2941269141200746,-2.0122842088052764,1.9313007422445072,-2.016071837814984,0.0030191479674457,3.122851321219885,7.752313248531509,2.0190909857824293,708.6852858288951,32.27679750791685,3.384318782535614,11.453613621823342,32.43156170949037,32.453740477622766,24.561560340089137,38.52698128472781,-0.2938435217682362,-0.5151975951910766,13.965420944638673,200116.6014878892,2.4496526315789473,0.7264187319115759,0.5276841740720221,2.6100000000000003,2.5550894679978793,0.0,4.204,-2.6984059308432546,6.749633819431946,4.204,1240.411616,-1.8404957894736844,0.5386624271316165,0.2901572104033241,-1.9982,1.9177022609033145,-1.9982,-0.0006,3.1228802372020406,7.752380985218414,1.9976,698.74057268,1746.0239315789474,1027.2047633099003,1055149.625766548,1732.086,2025.7712594004668,0.0,3551.25,0.03315598570606097,-1.192647258598926,3551.25,779712347.1284611,05140.csv,discharge,B0005,10,05140.csv,1.824613268,-0.0032469073999998356,3.548126882405672,0.006427468142430372,3595.4811999999997,51.93997334134837,32.389599765475424,0.07950395655259032,,,,
3.549292319740949,0.24309734449960058,0.05909631890275749,3.5490441339353875,3.557607663848678,2.472448301852732,4.188916055911241,-0.7949180960456715,2.2839082664669457,1.7164677540585087,2392.0921627863463,-1.863380178294828,0.5267409991401002,0.27745608017511103,-2.0122197617260444,1.936399176057761,-2.0160713863396573,0.0026264001899385,3.2526576867554833,8.579892758351125,2.0186977865295956,708.6822943480263,32.15709350345252,3.4192563180601603,11.691313768594323,32.28646304503997,32.33836694019015,24.43128509546442,38.54143406601644,-0.2710954077527264,-0.5289874184552033,14.110148970552022,197650.5255317344,2.4602222222222223,0.7068814164063659,0.4996813368606701,2.61,2.5597606762306353,0.0,4.203,-2.7720919983247767,7.33726925256803,4.203,1238.398822,-1.8502624338624338,0.5231635451156662,0.2737000949379917,-1.9982,1.9228029459881035,-1.9984,-0.0006,3.252691080479017,8.57999955265038,1.9978,698.7653509600001,1736.7096984126983,1021.5672302154015,1043599.6058499671,1723.125,2014.884657346592,0.0,3530.25,0.03258610083844622,-1.1937394663569063,3530.25,767294674.475621,05142.csv,discharge,B0005,11,05142.csv,1.824619553,-0.0022196702999998995,3.54971839942691,0.005191573161959144,3571.075,47.014951090051795,32.33418202970464,0.12449845303219555,,,,
3.559759220648976,0.2288618517595795,0.052377747190823734,3.552874842283114,3.567108556826695,2.64956413267546,4.189876247266316,-0.5113320357030035,1.4569336943495426,1.5403121145908556,2379.4372663068243,-1.8729688102878943,0.5116979707844125,0.2618348133048854,-2.012621614491565,1.9416093782262525,-2.016851865845563,0.0023645237017673,3.385117869711151,9.459159073847204,2.0192163895473305,704.9613848142171,32.36407129853099,3.3635991447660745,11.313799206671067,32.51185193811046,32.538391328138346,24.74037188089418,38.52197451768004,-0.2877333597813454,-0.5293420280430867,13.781602636785863,197985.67221171386,2.4758021390374334,0.6851901398122708,0.4694855276959593,2.612,2.5688677971741343,0.0,4.205,-2.8908349959328374,8.197842309029681,4.205,1234.0282889999999,-1.8593454545454546,0.5080623047166473,0.2581273054739913,-1.9982,1.9275094876064385,-1.9984,-0.0006,3.3851628579322735,9.459327750349122,1.9978,694.7597582400001,1717.784090909091,1010.2199929997444,1020544.4342564035,1704.094,1992.8187617635417,0.0,3491.016,0.032379651126889106,-1.1937053792924432,3491.016,742638077.423277,05145.csv,discharge,B0005,12,05145.csv,1.814201936,-0.002326401000000014,3.5534652336552015,0.003964203952403038,3539.1126000000004,30.751219110792096,32.310913000459244,0.09848995489960498,,,,
3.558081969139198,0.2346077577627525,0.05504080000246636,3.553302566793844,3.565808197185589,2.5724981777366227,4.189286794768804,-0.6548701976433375,1.871728705987933,1.616788617032181,2364.987786435565,-1.8826095043160835,0.49428241523071964,0.24431510600631356,-2.0123282929711634,1.9464155907070728,-2.016393908986775,0.001858378552761,3.5452227650298473,10.568758582297221,2.018252287539536,704.6672592250468,32.3181954403762,3.3739283176724415,11.38339229279199,32.4425172351073,32.493832473488645,24.73310769931152,38.582485834057856,-0.25602950485936454,-0.5374727011520655,13.849378134746335,196387.94167961704,2.493279569892473,0.6647528826255323,0.4418963949589547,2.6185,2.5803758270070176,0.0,4.204,-2.982135426035084,8.988138176698758,4.204,1238.45113,-1.8693247311827959,0.49074678043431746,0.2408324025066482,-1.9982,1.9326684540081571,-1.9984,-0.0006,3.5452736867888595,10.568965542510988,1.9978,694.7485676800001,1708.225698924731,1004.4323400967976,1008884.3258323288,1695.2265,1981.6456202609022,0.0,3470.281,0.03111691387463286,-1.193806528098798,3470.281,730407001.759654,05147.csv,discharge,B0005,13,05147.csv,1.813752158,-0.0032454721999997647,3.5542549681227236,0.0044891309688141635,3518.6782,36.47236377313587,32.292459716315314,0.08252503357029993,,,,
3.555692244172496,0.237911318298918,0.056601795374729084,3.552379335375667,3.563642677183442,2.5249886697730286,4.188837765892728,-0.73227384179509,2.128576497742353,1.6638490961196997,2362.1161382996297,-1.8825367876363654,0.49428703573729343,0.2443196736979604,-2.012175460098934,1.9463464312660799,-2.0158117255163046,0.0022664654273509,3.5452331470780876,10.568806434470947,2.0180781909436556,704.6171840734102,32.15709029211502,3.426023279669047,11.737635512834252,32.29292306193329,32.33907994312876,24.44798340505406,38.52029413487392,-0.2610359203664662,-0.5341168946984274,14.072310729819861,194521.79303166154,2.4930591397849464,0.6654730565361787,0.4428543889756041,2.6185,2.5803484771326644,0.0,4.203,-2.972857337089907,8.934514794754676,4.203,1238.424877,-1.8693247311827959,0.4907511573298902,0.24083669842062666,-1.9982,1.9326695654022854,-1.9984,-0.0006,3.5452736764329553,10.568965470064368,1.9978,694.7493667200001,1707.6932258064517,1004.4153929688002,1008850.2816326694,1694.562,1981.178042251103,0.0,3470.0,0.03179178901011302,-1.193905529766968,3470.0,730062356.9282119,05149.csv,discharge,B0005,14,05149.csv,1.813440491,-0.0033212948999998024,3.554806297127864,0.004455737789910045,3502.5593999999996,36.64970523483061,32.25464960847832,0.09425593123540413,,,,
3.562746818017503,0.22392608690207388,0.05014289239527515,3.553230551892086,3.5697769932713044,2.694621861688723,4.189110301768517,-0.43393032409969495,1.332540470916502,1.494488440079794,2357.511939612486,-1.8817935155260215,0.49541451927035984,0.24543554590388175,-2.0122064438853537,1.945914278939251,-2.0193509920362724,0.0013199464372558,3.5334964106447235,10.485778330511225,2.020670938473528,700.517740481238,32.044070003146096,3.360458061989185,11.292678386388108,32.17223734192757,32.21979361747861,24.46309712112356,38.21358592965045,-0.2718211311649915,-0.5400943652640304,13.750488808526889,192051.2936392893,2.493508108108108,0.6646512202116635,0.4417612445288532,2.618,2.5805704659492887,0.0,4.203,-2.997880182152453,9.057769127466283,4.203,1231.9786270000002,-1.868625945945946,0.49198342949166024,0.24204769489437541,-1.9982,1.932307072066124,-1.9982,-0.0006,3.5335578145144866,10.48603082851639,1.9976,690.75496484,1698.3709945945948,998.8219189056,997645.225686265,1684.953,1970.306895122305,0.0,3450.297,0.03162215988541849,-1.1939968760078419,3450.297,718190213.278802,05151.csv,discharge,B0005,15,05151.csv,1.802598004,-0.0044804542999999164,3.5571145143438243,0.005071066597364389,3482.3688,30.393608944973884,32.208104107524164,0.1309174785210004,,,,
3.5614521756489204,0.22796979172772144,0.05197022594038069,3.553707172597383,3.568740929988447,2.64010141737067,4.18921207304098,-0.5406234080023659,1.6238363170700056,1.5491106556703098,2343.4077758689646,-1.8921861285036712,0.4770160473926998,0.22754430947015444,-2.012275445253597,1.9513873665604857,-2.0164420273602586,0.0030782527761262,3.713547495342001,11.790630681738806,2.0195202801363847,700.6559284044235,31.931593674911532,3.385244667118977,11.459881456257474,32.05213143748534,32.11053652737536,24.32051139249706,38.1983618706913,-0.2572152922370387,-0.5376682848584622,13.87785047819424,189719.92631796695,2.5033804347826085,0.6404558472103271,0.4101836922258979,2.6155,2.5840079902117683,0.0,4.204,-3.0979649889321097,10.00467500743646,4.204,1228.585902,-1.8787804347826087,0.473598811194695,0.22429583396502836,-1.9982,1.937553033103083,-1.9984,-0.0006,3.71360424012303,11.790856486354121,1.9978,690.75656312,1688.5975869565218,992.4845188491734,985025.5201552751,1675.7345,1958.6697860616177,0.0,3429.407,0.031007560983105854,-1.1932931875753752,3429.407,705895268.8728421,05153.csv,discharge,B0005,16,05153.csv,1.8021069,-0.003534422600000048,3.5595464855254186,0.00278024386482433,3462.2002,23.310762936893003,32.16300414181596,0.18182646109041578,,,,
3.5603420474985823,0.23297600498562532,0.05427781889906211,3.5543455910455988,3.5679564619100184,2.573903509838096,4.188899969428112,-0.6684763128243763,2.0015875775563643,1.6149964595900164,2329.6473364776384,-1.9027629207037406,0.45711301093587753,0.2089523047668637,-2.0125166861206845,1.9569003646511733,-2.016465255161054,0.00090184864654,3.918846372623093,13.35755022852057,2.0173671038075938,700.7910038024568,31.941655359029298,3.400808355268314,11.565497469262775,32.05377773972906,32.12218617317737,24.357321702352365,38.31926916027133,-0.23282797058492458,-0.5359404471775484,13.961947457918967,188825.77655160095,2.5137704918032786,0.6148354187379993,0.3780225921347309,2.615,2.587868752003399,0.0,4.203,-3.2072067773559945,11.105415763624144,4.203,1225.562836,-1.8890437158469946,0.45402628297259223,0.20613986562990838,-1.9982,1.9428396809852655,-1.9984,-0.0006,3.918903336365058,13.357803400358414,1.9978,690.75656276,1679.5417049180328,987.1101243922666,974386.397677716,1667.297,1948.1393010348845,0.0,3409.484,0.030093946408420398,-1.1939809325981814,3409.484,694530152.731314,05155.csv,discharge,B0005,17,05155.csv,1.802579501,-0.003367890499999822,3.5596630508953395,0.0028035133754183324,3445.8938000000003,26.423099188022142,32.07852095391563,0.16211391423419305,,,,
3.5591189041401865,0.23873643876806222,0.05699508719565673,3.5551403655428775,3.567116827495799,2.4942396831720126,4.188779799856791,-0.8246085587745434,2.533342064493059,1.6945401166847782,2315.8266879026723,-1.9133470605822436,0.4358942318853322,0.19000378139090376,-2.012656060279654,1.9623712073992565,-2.0181069603406625,-0.0004481239748701,4.156144635346413,15.27381965894049,2.0176588363657926,700.86393752459,31.965008645476725,3.414795247499799,11.660826582347214,32.077828681985636,32.146891051667026,24.382419922756025,38.4787542519308,-0.21203128927148068,-0.5242280418518344,14.096334329174777,188082.9139803704,2.5288736263736262,0.589470371769898,0.3474753191945418,2.6185,2.59666654335181,0.0,4.203,-3.3142248963912495,12.323058271669671,4.203,1227.167239,-1.89941978021978,0.4330937842804597,0.18757022598236933,-1.9982,1.9481698405099406,-1.9984,-0.0006,4.156229686914086,15.274245259674274,1.9978,690.7565624,1670.3903406593408,981.6587545966671,963653.9104762794,1658.437,1937.487496900124,0.0,3390.422,0.02984004916758372,-1.1941271779527816,3390.422,683202119.7172639,05157.csv,discharge,B0005,18,05157.csv,1.803068314,-0.0020762857000003096,3.5598704378955377,0.0026935097139643496,3429.922,31.62124988832808,32.007883594935734,0.09436191901669354,,,,
3.557886771846508,0.24145031412156678,0.05829825418940327,3.5548345766657676,3.5660701809512623,2.4556793246645583,4.189272591516219,-0.8848265209021425,2.7689019235866255,1.7335932668516607,2314.4678894554977,-1.9131602105481538,0.43619046586394566,0.19026212251060595,-2.012586149890976,1.962254854430296,-2.0170254305215485,0.0023375587090041,4.156134726774992,15.273779390520438,2.0193629892305527,700.7808286998177,31.966241678512723,3.433369080629228,11.788023243820792,32.06979836357408,32.15009533878406,24.355030419469987,38.54659017774874,-0.2051705408545574,-0.5273214470064254,14.191559758278753,188120.41071330867,2.5293241758241756,0.5900495968799291,0.34815852677816683,2.6195,2.5972368612020764,0.0,4.204,-3.3072488703850205,12.272501792775536,4.204,1227.706355,-1.8994164835164835,0.4330981016609974,0.18757396566235962,-1.9982,1.948167586096351,-1.9984,-0.0004,4.156229677721151,15.274245255838892,1.998,690.75496372,1669.7937802197803,981.5355016636349,963411.9410260834,1657.2185,1936.9107386471758,0.0,3390.281,0.030689930499288507,-1.1942709584149005,3390.281,682795424.1265881,05159.csv,discharge,B0005,19,05159.csv,1.802777625,0.00013206559999997714,3.5603093434303403,0.0019062014702865143,3413.9782,25.950687769308246,31.969713872215276,0.04416859489360956,,,,
3.5520375235511907,0.23416563071224797,0.054833542606864884,3.548482296731359,3.5597477595080447,2.632142800798914,4.187614060563439,-0.5545426113330446,1.3387520933065407,1.5554712597645248,2432.9863893739284,-1.8553455745575975,0.5400579358950733,0.2916625741232472,-2.0125364093375424,1.9323482541078636,-2.01684718332263,0.0059551658046401,3.1439507240766265,7.884590654833945,2.0228023491272697,716.922196829512,32.37143341978575,3.3582656082275433,11.27794789540391,32.59362955183305,32.545163228151516,24.54942444728521,38.44749852224995,-0.35184474260077647,-0.4680368669246855,13.89807407496474,203364.02871302894,2.4483229166666667,0.7209330108557196,0.5197444061414931,2.6055,2.55225968710409,0.0,4.202,-2.7277201676628464,6.920101569104691,4.202,1250.6936660000001,-1.8422010416666668,0.5361030352216959,0.2874064643739149,-1.9982,1.9186221989468553,-1.9984,-0.0006,3.1440014002511356,7.884745218127984,1.9978,706.77333932,1765.5130781249998,1038.7993317937517,1079104.0517351448,1750.867,2048.4483104939595,0.0,3591.734,0.03381785380924669,-1.1927779161897352,3591.734,805658972.3069869,05162.csv,discharge,B0005,20,05162.csv,1.847025995,0.009003631400000238,3.5581674845370777,0.003676898840670014,3442.2656,85.10425516564987,32.035186555543206,0.1885602413566576,0.0446687,0.069456273,,
3.5525668436897124,0.24417224140909252,0.05962008347474016,3.55242945254317,3.560948084760325,2.5027764692056795,4.187628781108399,-0.7943758812645061,2.0418518861665262,1.68485231190272,2409.2667398480635,-1.8746995273150975,0.5078881766945343,0.25795040002609854,-2.0121920079402824,1.9422792584336446,-2.016190951623346,0.0016182635202416,3.418846536366439,9.688652918417992,2.0178092151435876,716.7652563708941,32.70024990461686,3.414454720096594,11.65850103558991,32.83806455882372,32.878029820230786,24.917503693363493,38.992275791716615,-0.2815482984782492,-0.5261764593082989,14.074772098353122,205383.32052339712,2.4740684210526314,0.6812002414876039,0.46403376900277,2.609,2.5661348992312605,0.0,4.202,-2.89332148584941,8.253468076189401,4.202,1251.159181,-1.8615263157894737,0.5043293243632997,0.2543480674127424,-1.9982,1.928633788926626,-1.9984,-0.0006,3.4188932144180852,9.688830862373058,1.9978,706.72937544,1746.6842315789472,1027.6393163646828,1056042.5645384728,1732.4925,2026.5607243270583,0.0,3552.297,0.03341466429481487,-1.1930035999170292,3552.297,780320190.1831521,05166.csv,discharge,B0005,21,05166.csv,1.847417311,0.013363330100000032,3.5563904181452357,0.0038362252845074215,3466.8436,97.32948160911975,32.188917801484266,0.337502278493212,0.044843431,0.067972056,0.00017473100000000135,-0.001484217000000026
3.5567940383270398,0.23311973567394634,0.054344811160690606,3.551723963007562,3.5644254294681854,2.617507742871704,4.187447226312926,-0.5925135818767828,1.5441652922666727,1.5699394834412224,2401.269313383257,-1.8738272127883846,0.5090210348494151,0.25910241391916944,-2.011967422664478,1.9417339769663238,-2.016760348146938,0.0025192157843694,3.4076453767339436,9.612176910073666,2.0192795639313075,712.5925282507312,32.32266411829938,3.395181230789341,11.527255589904223,32.4738174492298,32.500490323905915,24.56596639952811,38.51424197364312,-0.2947344244685596,-0.522938336417448,13.948275574115005,199637.2736746231,2.480037037037037,0.682528789790444,0.4658455488928081,2.615,2.5722420675294644,0.0,4.203,-2.9119600776692787,8.324131223712202,4.203,1250.5051290000001,-1.8607999999999998,0.5055584697630991,0.2555893663492064,-1.9982,1.9282546528789206,-1.9982,-0.0006,3.407686195308847,9.612325217629778,1.9976,702.7333752000001,1737.6627513227513,1021.9289708064709,1044338.821373573,1723.844,2015.8895452648508,0.0,3531.578,0.032177652993703065,-1.1936587492739013,3531.578,768060214.495836,05170.csv,discharge,B0005,22,05170.csv,1.836177421,0.011085790000000073,3.5556808163109275,0.003197513042297045,3491.2623999999996,94.6191600908606,32.26511955333829,0.3095751035036284,0.045101149,0.068528329,0.00021622449999999708,-0.00046397200000001626
3.5614100044534203,0.22484633144049296,0.05055587276224801,3.5523999961829453,3.5685006785179625,2.694074478000972,4.187344026387161,-0.46129022379964013,1.3114177961825124,1.493269548386189,2381.2948563130503,-1.883193546754683,0.49304941109665107,0.2430977217827544,-2.012086674627559,1.9466678341004242,-2.0160230713598764,0.0037933120349866,3.5569074424215588,10.651746289425233,2.019816383394863,708.6394277320712,31.98795810666763,3.4042748981985596,11.589087582504812,32.13644078216204,32.16859573273953,24.21658146702539,38.165816144899125,-0.2936731018595817,-0.5251318396884606,13.949234677873736,193511.06911487208,2.4924491978609624,0.6601509723106315,0.4357993062426721,2.615,2.5783914191139456,0.0,4.202,-3.025081379520474,9.235265576906869,4.202,1243.1951319999998,-1.8700117647058825,0.4895269099687134,0.23963659558351685,-1.9982,1.933023692488513,-1.9984,-0.0006,3.556951599919236,10.651904713895561,1.9978,698.7405713999999,1718.3130374331552,1010.6696017919364,1021453.0439862714,1704.907,1993.5026306977945,0.0,3492.907,0.032678081508532235,-1.1930273129372082,3492.907,743147862.1180182,05174.csv,discharge,B0005,23,05174.csv,1.825780748,0.0035157671999999267,3.556139036373574,0.0039003102230451008,3511.7594,76.72096391664965,32.26970944557647,0.3041354771259092,0.044172076,0.068044495,-0.00012321540000000554,-0.00036790609999999964
3.5566107947817986,0.23067449635182952,0.053210723267170204,3.5503635037779855,3.5640834823030723,2.6237674644021887,4.187438187636325,-0.565273224759948,1.577797696164339,1.5636707232341367,2388.1059209392115,-1.873239184822504,0.51045002675325,0.26055922981239366,-2.0122734101879614,1.9415417258887002,-2.01719076462715,0.0034388887386759,3.3964036564865934,9.535693017822616,2.020629653365826,708.681843392972,31.894456524691385,3.4364659000230526,11.809297882021248,32.04127512253326,32.079053210583545,24.05499065781757,38.16526203587147,-0.2908744220661232,-0.5304075949636018,14.110271378053902,193464.34311884065,2.4792606382978724,0.6839959415267933,0.4678504480251245,2.6135,2.5718833100742144,0.0,4.202,-2.905084252731582,8.273012925492191,4.202,1243.541747,-1.860063829787234,0.5068044129119584,0.2568507129470348,-1.9982,1.9278714074931935,-1.9982,-0.0004,3.396442861632892,9.535824188366728,1.9978,698.7373748,1727.275670212766,1015.9793705259765,1032214.0813343594,1713.281,2003.9199889824242,0.0,3511.594,0.03297193052517905,-1.1931050095292253,3511.594,754950720.581744,05178.csv,discharge,B0005,24,05178.csv,1.825113644,-0.006546126500000012,3.5558838409606324,0.0037977635709193222,3536.022,38.223298242038325,32.25535241481221,0.3231427707340521,0.043786628,0.068450212,-0.00024354990000000168,-0.0001939682999999967
3.5586742170266272,0.2384585859277787,0.05686249720267582,3.5546804742960285,3.566654550153793,2.5010798299873738,4.18774138117799,-0.835830435470774,2.496901121215105,1.6866615511906167,2340.668541144427,-1.9139593751505897,0.4336815885962881,0.18807972028740008,-2.012237256445048,1.962478078862089,-2.016114862565665,0.0012614422239159,4.182740269881481,15.4955661422077,2.017376304789581,708.6429186426194,31.78039681801023,3.444949444530768,11.867676675372847,31.901775286894065,31.966565323562175,24.024851602995685,38.27549578575718,-0.233248579970916,-0.5105731015435486,14.250644182761494,188022.47893974447,2.5292119565217392,0.5855855798931363,0.3429104713787807,2.617,2.5961170220911276,0.0,4.203,-3.344898652075734,12.559102313375464,4.203,1240.127541,-1.9004891304347828,0.43084931781826147,0.1856311346644613,-1.9982,1.9487149790477871,-1.9982,-0.0006,4.182806817861701,15.49587297213543,1.9976,698.7381728,1689.6680706521743,993.4604674284057,986963.7003430662,1676.468500000003,1960.087214724005,0.0,3431.9370000000054,0.03154269052038595,-1.193682888663287,3431.9370000000054,706917307.6357093,05182.csv,discharge,B0005,25,05182.csv,1.825581504,-0.0054735391000000685,3.5572111796557193,0.0032355422065138344,3504.062600000001,46.007950816132706,32.1371450944571,0.37414174032073383,0.044639322,0.068341011,-0.00017227390000000144,6.59793000000001e-05
3.564103182686904,0.22371289710668404,0.05004746033186581,3.5539106731548724,3.5711173261558895,2.68499881852498,4.188261122540052,-0.4815842901448528,1.4767837998283877,1.5032623040150717,2346.5297281194253,-1.9030532722310995,0.45609178373993275,0.2080197151950736,-2.0124128801241383,1.9569444223443262,-2.016863630474281,0.0031353992245556,3.931551768919657,13.457275616644484,2.0199990296988366,704.6521908746006,31.688747146342205,3.4231952488727075,11.718265711904678,31.81987385077079,31.8731071817091,23.93622764909489,37.98216079918311,-0.26612604937444617,-0.5240558387738212,14.045933150088224,186924.67290067574,2.516663043478261,0.6117372762517865,0.3742224951559546,2.6145,2.589945051456733,0.0,4.203,-3.2487849311613055,11.37600706636005,4.203,1234.238028,-1.8896369565217395,0.452852359018917,0.20507525906899812,-1.9982,1.9431425800804583,-1.9982,-0.0006,3.93159908340204,13.457471385605423,1.9976,694.7477679200001,1688.6594782608695,993.2449296940699,986535.4903629778,1675.7115,1959.108553368917,0.0,3431.125,0.031753705710927366,-1.1938946406365223,3431.125,706211563.5945182,05186.csv,discharge,B0005,26,05186.csv,1.814031128,-0.004449183000000122,3.559518447455158,0.0032088689286728714,3479.8282000000013,46.16202873249629,31.93484454280217,0.24457835863485042,0.043558786,0.068682377,-0.0002617479999999992,6.046120000000107e-05
3.559588063594272,0.23399060506233524,0.05475160325743774,3.553331086712704,3.5672704951741827,2.547109116468133,4.187338767288234,-0.7418208017209649,2.2513168068490126,1.640229650820101,2328.751637790467,-1.9134590742247914,0.434873129767018,0.18911463899336167,-2.0119923571388307,1.962253874432806,-2.024643671910137,0.0011043615738374,4.169391989359729,15.384315455742609,2.0257480334839744,704.6305689939602,31.596747992569153,3.461139819499428,11.979488850124534,31.72402164037368,31.785751093155678,23.811534187517506,38.11100191887773,-0.23406368331882374,-0.5168497907515297,14.299467731360227,184891.11697775667,2.529601092896175,0.5866488876456297,0.34415691737585474,2.617,2.596736144963014,0.0,4.203,-3.344016202205317,12.54142046593921,4.203,1233.9760649999998,-1.8999540983606558,0.4319689885551593,0.18659720707336735,-1.9982,1.948441116110728,-1.9982,-0.0006,4.169539215729292,15.385057345345555,1.9976,694.74536928,1680.233169398907,987.9251647928236,975996.1312309275,1667.609,1949.1484383646164,0.0,3412.406,0.030697179613188807,-1.1937375878196905,3412.406,695249873.1645977,05190.csv,discharge,B0005,27,05190.csv,1.814769194,-0.003310562399999901,3.5600772525086044,0.002837625991752326,3455.993800000001,43.44838812545229,31.789661317656122,0.1563559271915181,0.045265478,0.068143725,0.00019589620000000013,4.30625000000027e-05
3.556833231052199,0.23947202414141244,0.057346850346385224,3.5528204337457225,3.564885620025362,2.471314764334132,4.187560306288175,-0.8694682670301657,2.7162017472774584,1.7162455419540428,2325.6389355470405,-1.9136209099025532,0.43491395027052004,0.18915014413990838,-2.012407539828497,1.9624207324007212,-2.017291134571006,-3.060676830687782e-05,4.169471349207866,15.384738224352205,2.017260527802699,704.7504089649815,31.565586498787077,3.480274215150429,12.112308612640934,31.676696090716447,31.756866338243288,23.754765330883423,38.18831137948753,-0.21900760311493953,-0.5161616713355914,14.433546048604107,184555.23641138407,2.527672131147541,0.5874955473746807,0.3451510181850757,2.616,2.5950486355297904,0.0,4.203,-3.326644173013164,12.418880563396408,4.203,1232.372768,-1.8999562841530055,0.4319644316608397,0.18659327022007224,-1.9982,1.9484422372532804,-1.9982,-0.0006,4.169539230842913,15.385057469318337,1.9976,694.7461688,1679.2383551912565,987.2694265324016,974700.9205656169,1666.172,1947.9585144738212,0.0,3410.688,0.03116534593341495,-1.1935352626210174,3410.688,694401254.4623232,05194.csv,discharge,B0005,28,05194.csv,1.813969389,-0.0033100820000000006,3.5591618978283597,0.0030317718246207757,3439.5500000000015,41.500265390717885,31.70518699608001,0.1350898374803662,0.044483716,0.067825557,0.0002020332000000035,-0.0001446595999999843
3.5624410850948944,0.2246938172828495,0.050487311525138565,3.5522387585063915,3.5695201072829432,2.6613903306108773,4.18805176248713,-0.5067395320394309,1.6105672853160904,1.5266614318762528,2331.689704722394,-1.9025819745719061,0.4573564287414882,0.20917490291116797,-2.012221605196371,1.956781304304878,-2.01713712589233,0.0037901043107805,3.9188189861165634,13.357432684651524,2.0209272302031103,700.7057323365093,31.591246670452087,3.4551730825084275,11.938221030090787,31.707383838943763,31.779633214111204,23.79410930748377,37.99854111908584,-0.2506862622491546,-0.5356704521193829,14.204431811602074,184819.95096188952,2.5117868852459013,0.6128768170142086,0.37561799283346775,2.61,2.5854770062266605,0.0,4.203,-3.2271031756521755,11.242528435765458,4.203,1223.298517,-1.8890437158469948,0.4540214749637609,0.20613549972826897,-1.9982,1.9428385573972147,-1.9984,-0.0004,3.9189033635360966,13.35780365267226,1.998,690.7557638000001,1679.283196721312,987.0856748501336,974338.1294943437,1666.687,1947.9040490447396,0.0,3410.718,0.0310154626476653,-1.1933739465142605,3410.718,694362423.724135,05198.csv,discharge,B0005,29,05198.csv,1.802765665,-0.004569341699999977,3.5603279558909797,0.002924595994923352,3419.3748000000005,11.12251008990848,31.64454502523215,0.08911966248218818,0.044414165,0.068858052,4.7461600000000725e-05,1.772620000000229e-05
3.5591407106855666,0.2337381121665522,0.054633505079183735,3.552294908337689,3.566807550673086,2.541762355407921,4.187667484260542,-0.7333196100926539,2.3001341747404807,1.645905128852621,2315.4251308440143,-1.9130621638638965,0.4362089113558066,0.19027821434621792,-2.0124990493755295,1.9621633614849279,-2.015946028510057,0.0006901740069088,4.1561633957667405,15.273910187555458,2.016636202516966,700.7154804019973,31.603485399391182,3.4825819327963465,12.128376918639537,31.707668011481893,31.794789923950926,23.80130098691845,38.194201649765226,-0.22244577875418636,-0.5248749045897747,14.392900662846777,183985.37726808718,2.5213186813186814,0.5863698787505659,0.34382963470595335,2.609,2.5886053247786784,0.0,4.203,-3.331607256481334,12.464353116892099,4.203,1219.55971,-1.8994175824175823,0.43309328249143997,0.18756979133921023,-1.9982,1.948167586152758,-1.9982,-0.0006,4.156229702941056,15.274245343609508,1.9976,690.75496376,1670.9220934065934,982.3780638264997,965066.6602875023,1658.4995,1938.310424705438,0.0,3392.719,0.03061750703578679,-1.1941890115897864,3392.719,683782609.0589631,05202.csv,discharge,B0005,30,05202.csv,1.80407704,-0.0031911705000000007,3.560421254622767,0.002865493963247337,3411.5312,13.601042449021936,31.60916274150834,0.04674374351017832,0.044535446,0.067794347,0.00011020069999999983,-0.00010617329999999891
3.5573161327793144,0.2244802327371113,0.05039137488970766,3.5460802417843635,3.5643918756811357,2.628919415830567,4.2010701773378685,-0.5653343465312848,1.42631931536767,1.5721507615073014,4713.513983509445,-1.920618117118412,0.4205282536761078,0.17684401213987688,-2.0126001300364584,1.966117484776368,-2.0167372379007014,0.0008475435827522,4.344054816858624,16.871101795752626,2.0175847814834538,1434.1442646229834,31.91556385491565,3.5076959837591093,12.303931114479784,31.98088106448556,32.10774279347083,23.78129749955371,38.45796400011448,-0.24446524433583539,-0.5073925520440317,14.67666650056077,382466.5516452126,2.512035040431267,0.5736880604352115,0.3291179906859148,2.596,2.576710700688075,0.0,4.216,-3.506132522182384,13.128907387266228,4.216,2463.231511,1.906736388140162,0.4177118663445745,0.1744832032850677,1.9982,1.951954624765355,0.0006,1.9984,-4.3441395963299465,16.871549998737322,1.9978,1413.557064,1733.8072614555256,1003.5051575159059,1007022.6011610233,1733.625,2003.2748740592074,0.0,3470.672,0.0005635107058835722,-1.1996544291999136,3470.672,1488863892.0047023,05206.csv,discharge,B0005,31,05206.csv,1.851802552,0.006417436700000205,3.559063844641249,0.002220168952873601,3419.4405999999994,29.75263688818321,31.654526083223026,0.14662768426889541,0.045021352,0.069404082,-4.3652199999995516e-05,0.00024895040000000865
3.561870782772737,0.22326557144507367,0.049847515392695295,3.550126306843791,3.568861301390511,2.6312552691827045,4.1996223345495824,-0.5724147433204378,1.5073771613030997,1.568367065366878,4648.921410825411,-1.9298830859597569,0.399294272689169,0.15943591620237246,-2.0125964170136124,1.9707573776789287,-2.0183057226929555,0.0011650883880798,4.623304643944557,19.37541745752694,2.0194708110810353,1417.6178942117135,32.08112811859717,3.3915014198167084,11.50228188061875,32.14988868393875,32.25989868617793,24.2036410699716,38.49126351534004,-0.2464599136650283,-0.4772321161009403,14.287622445368438,379855.8880834995,2.5250219178082194,0.5470649853077298,0.29928009814974665,2.599,2.5836051911160194,0.0,4.215,-3.6515212513904833,14.735234018669232,4.215,2436.380761,1.9161506849315069,0.3965566749811856,0.15725719647213365,1.9982,1.9567551312915004,0.0006,1.9984,-4.6234389226093775,19.37618856257965,1.9978,1397.5450850000002,1705.8462164383564,987.2225067473076,974608.277828438,1705.922,1970.9184640581898,0.0,3414.109,0.00024772672603932976,-1.199510225622946,3414.109,1417849651.0674052,05210.csv,discharge,B0005,32,05210.csv,1.830703846,0.00825058009999982,3.5595203884769426,0.00256312970365137,3419.7812,29.66158258926991,31.751402108428636,0.23330499282258832,0.046462516,0.069937743,0.0004564786999999983,0.00047704020000000156
3.5617586337260088,0.22104596048351946,0.04886131664608164,3.548984509574158,3.568611197870657,2.654880745360911,4.199853323702163,-0.5208494003643938,1.4017963342407116,1.5449725783412518,4622.799875009128,-1.9293005284805407,0.4002852377219257,0.16022827153809857,-2.012367359829717,1.9703879822850605,-2.016579511976592,0.0019472390588109,4.608907796826211,19.2424614748479,2.018526751035403,1409.321654666221,31.849792632896243,3.3803301579998144,11.42663197708305,31.95465642961722,32.028673446391366,24.00078927251757,38.31473393357882,-0.24485847541338274,-0.4717949743255865,14.313944661061253,372378.4399530138,2.520526170798898,0.5472087511719512,0.2994374173591664,2.594,2.579242058249152,0.0,4.215,-3.645760495109849,14.691217695870488,4.215,2414.853723,1.9156760330578513,0.3975904890384012,0.15807819697379505,1.9982,1.9565001560454987,0.0004,1.9984,-4.6090239777753,19.243102675335578,1.998,1389.5251084000001,1696.4787851239669,981.6497636433414,963636.2584610281,1696.594,1960.019522055002,0.0,3395.219,0.0001408283078617793,-1.199468340716314,3395.219,1394528579.2417288,05214.csv,discharge,B0005,33,05214.csv,1.819904109,0.006090369400000073,3.560505469011704,0.002191776903606804,3416.6874,31.59111946892806,31.808243335250467,0.21019247601262847,0.047723855,0.069504175,0.0008546450000000016,0.000343564199999998
3.5597307651083123,0.21897224844365457,0.047948845588469576,3.546398125803177,3.5664593037979664,2.6749688422803803,4.199103467081427,-0.47066075805755153,1.3067619823354502,1.5241346248010466,4604.506771564242,-1.923330987770314,0.4135159697940359,0.17099545727470197,-2.012136880587953,1.9672817657346984,-2.0193879194408373,0.0018372947715281,4.4351452862776535,17.670793982507064,2.0212252142123655,1401.011511576788,31.465690433362017,3.4164302187519273,11.671995439601343,31.549393218601928,31.650618791546098,23.53999092882516,37.861934640176806,-0.25172891909955014,-0.48830874945536973,14.321943711351647,362637.7244993731,2.510174033149171,0.5625559666102712,0.3164692155688166,2.591,2.5724390939855493,0.0,4.214,-3.560160585622602,13.728887720512397,4.214,2395.514327,1.9099110497237572,0.4105700402418592,0.16856775794420192,1.9982,1.9535424172003804,0.0006,1.9984,-4.43522748678714,17.671242921572336,1.9978,1381.51072724,1691.6339806629833,979.0104474041235,958461.4561264222,1691.3515,1954.5042800311574,0.0,3386.0,0.0004787294289171878,-1.199481001282147,3386.0,1382871486.998961,05218.csv,discharge,B0005,34,05218.csv,1.809307964,-0.0021436595000002066,3.5599634050143876,0.001910492973765679,3411.7437999999993,34.553878924081715,31.78313208783245,0.24689348523878368,0.04694023,0.069661212,0.0007512070999999968,0.00038338229999999954
3.5575937553540915,0.22364252387843472,0.050015978486716246,3.5457995196648913,3.5646162916394157,2.6159705726789904,4.199998536865001,-0.5684779129677217,1.580353687876789,1.5840279641860109,4574.33615038361,-1.9284469980320087,0.40194096557758924,0.16155653980944476,-2.0121464304107914,1.9698894293914346,-2.015814483813837,0.0074961910680886,4.587244107704067,19.04315873800911,2.023310674881926,1396.9671710501202,31.409348956650316,3.39766676229326,11.544139427592366,31.45264445134458,31.592583644080495,23.56609574757256,37.90665575786083,-0.21096390640103926,-0.4657201393269008,14.340560010288272,359312.8828709601,2.5116055555555556,0.5484684027890984,0.3008175888580247,2.5854999999999997,2.5707936625788457,0.0,4.215,-3.6119512324233947,14.443160080358268,4.215,2379.2328199999997,1.9149688888888892,0.3991623867952725,0.15933061103209875,1.9982,1.956127924355778,0.0006,1.9982,-4.587317124610468,19.04347845296848,1.9976,1377.5171243200002,1682.8217166666666,973.8750721029181,948432.656063464,1682.867,1944.3049107967636,0.0,3368.187,0.00037616830148148937,-1.199584405679487,3368.187,1360915771.0134277,05222.csv,discharge,B0005,35,05222.csv,1.804609905,-0.011578117600000002,3.559654013948093,0.0021828727061824946,3406.8373999999994,39.34072381515262,31.744304799284276,0.2931418926995126,0.047027982,0.071129467,0.00044909739999999366,0.0003174238999999957
3.5597237883937995,0.22067304968852827,0.04869659485883567,3.54661823048986,3.566557169668746,2.658447162110498,4.19967522099872,-0.49354235819586517,1.368638041962381,1.5412280588882217,4579.318816025594,-1.9231439161693824,0.41450051233091095,0.17181067472258765,-2.0124984794033223,1.9673060760903212,-2.019901495893039,0.0013923748862999,4.421050093719136,17.54600991553749,2.021293870779339,1393.305550927883,31.902247475518077,3.431963318795103,11.778372221555097,31.98857285363121,32.08631742987585,23.9730227457941,38.34003238560517,-0.23836590567992347,-0.4886620268339965,14.36700963981107,370631.4358358716,2.503302777777778,0.5633197680743993,0.3173291611033951,2.5845000000000002,2.5659021724012265,0.0,4.215,-3.534265501881688,13.560365798746428,4.215,2370.187425,1.9094477777777779,0.41165922604012,0.16946331838395062,1.9982,1.953318748807896,0.0006,1.9984,-4.421143517198422,17.546510701560766,1.9978,1373.5634884,1682.8505666666667,973.7616610580054,948211.7725464457,1682.883,1944.2730781134544,0.0,3368.266,-1.2176121286064205e-05,-1.1994686233146472,3368.266,1360871208.8196359,05226.csv,discharge,B0005,36,05226.csv,1.799377065,-0.007794776600000165,3.5601355450709895,0.001763487454444672,3386.3561999999997,19.405341885681445,31.741641523404763,0.29125136766627535,0.04775538,0.071670796,0.00018898549999999575,0.0005091397999999982
3.559061771422033,0.21741170748909208,0.04726785055332254,3.5443787033247864,3.5656960811812137,2.697942608427116,4.1991847248803165,-0.4142337381664746,1.1990713260097507,1.5012421164532004,4564.393687063032,-1.9170149640438081,0.42729035615010547,0.18257704845888398,-2.0121932299253253,1.9640578965057949,-2.016522387288751,0.0025753372180031,4.262252169503127,16.167034625282888,2.019097724506754,1384.8509080768094,31.649024294808623,3.429628733786301,11.762353251612629,31.731389151548427,31.83430684128365,23.755161868961988,38.0745950590744,-0.23740124519434913,-0.5067546286169864,14.31943319011241,363818.89005133463,2.4986629526462396,0.5796374244134835,0.3359795437806969,2.586,2.5650138585800115,0.0,4.215,-3.44765729010816,12.66828426236035,4.215,2361.9672979999996,1.903607242339833,0.424271436546881,0.18000625186955407,1.9982,1.9503145348784685,0.0006,1.9982,-4.26231799799965,16.167354763645115,1.9976,1365.5379158,1677.6330139275765,970.9669651971303,942776.8475041253,1677.453,1938.3573914332335,0.0,3358.719,0.0005224021135713323,-1.199245989875899,3358.719,1348845346.315662,05230.csv,discharge,B0005,37,05230.csv,1.788443234,-0.007285264899999982,3.559573742800849,0.0015002818920031291,3375.2781999999997,14.885023268380413,31.655220758647054,0.22096011884550246,0.047022939,0.069766962,-5.86682000000001e-05,0.00025351579999999984
3.557015527748059,0.2202112122344345,0.048492977993759144,3.543601917490764,3.5638255348199297,2.6617272246516333,4.200012480335,-0.4789809197672571,1.3726097633552827,1.538285255683367,4534.204322020538,-1.922048805055383,0.4161258984825695,0.17316076338792574,-2.011963438390469,1.966578849780184,-2.017112121704317,0.0011747056452339,4.399864105625852,17.359057332811272,2.018286827349551,1380.6733569477822,31.48874626238971,3.4678195183884166,12.02577221211567,31.55245651054314,31.679124252246584,23.51454265913581,38.07252758016199,-0.22853573295759239,-0.5028641540721024,14.55798492102618,358273.3880799721,2.502120448179272,0.5662397662538318,0.320627472887194,2.584,2.565391628988454,0.0,4.215,-3.5009428255572614,13.329326442028929,4.215,2349.500613,1.908672829131653,0.41330091731490326,0.1708176482533405,1.9982,1.9529079898752957,0.0006,1.9982,-4.399934188536567,17.35942093987354,1.9976,1361.54431324,1668.2284341736695,965.4919416760991,932174.6894414839,1668.281,1927.4752392772823,0.0,3339.5,0.0002483602674080292,-1.1994732208031127,3339.5,1326312404.895645,05234.csv,discharge,B0005,38,05234.csv,1.782923048,-0.006893650299999929,3.558625121605259,0.0012524663727781033,3364.1344,16.939438960611135,31.58301148454575,0.19942300757747847,0.04624537,0.071924899,-0.00013947629999999783,0.0003164869000000023
3.5562481933590964,0.21711532049783666,0.047139062394878334,3.541866749604034,3.5628696685627887,2.699288287625812,4.1992373656547874,-0.40625869048869767,1.210740068829474,1.4999490780289753,4519.078337958639,-1.9162302821549881,0.428937662035698,0.18398751791265067,-2.0122048157931958,1.9636511941178443,-2.018009988339822,0.0023816748049826,4.2415483145418085,15.990987011479945,2.020391663144805,1372.709660329115,31.329995610092634,3.5094402484809746,12.316170857658205,31.399531903548052,31.52593846003766,23.27146353182613,37.80133585100446,-0.23660720989180986,-0.52250246500514,14.529872319178331,353822.98729984515,2.4921376404494384,0.5809836589388578,0.3375420119539831,2.5785,2.558963077283234,0.0,4.214,-3.423183658146678,12.499487740110474,4.214,2331.191963,1.902809550561798,0.425965976668998,0.18144701327957333,1.9982,1.9499054333451056,0.0006,1.9982,-4.241618085240552,15.991324041749547,1.9976,1353.55870684,1663.9107808988765,962.982237548271,927334.7898334747,1663.6715,1922.481177183533,0.0,3331.265,0.0006042526247126406,-1.1992054167279123,3331.265,1315752460.0784938,05238.csv,discharge,B0005,39,05238.csv,1.773033716,-0.007960639500000064,3.5579286072554153,0.0014384338004961846,3353.1874,16.96236508569263,31.555872519891874,0.22674232647820025,0.046186103,0.071937871,-0.00031937680000000565,0.00018709109999999243
3.5532756526091784,0.2242097776623701,0.05027002439940944,3.5418095442756945,3.5603423835109727,2.612793240883853,4.199395781118708,-0.5607311663732919,1.5949793754410608,1.5866025402348556,4499.993450177732,-1.9220800182578983,0.4172895950868297,0.1741306061677303,-2.012634879836354,1.9668559181480507,-2.017724236336294,0.0021374370347549,4.38564191294775,17.234225184371624,2.019861673371049,1373.3253819776742,31.569551201845574,3.5627484835990306,12.693176757387192,31.617322833856573,31.769950265043484,23.439367870877128,38.39873985476869,-0.21391035724427246,-0.5221825410948617,14.959371983891565,358312.05764438445,2.496878873239437,0.5676109900561592,0.3221822360325333,2.58,2.5605832038154843,0.0,4.214,-3.4756544814849137,13.138933714874614,4.214,2327.588152,1.908174647887324,0.4144073564108283,0.17173345704741128,1.9982,1.9526556132322268,0.0006,1.9984,-4.385737960491812,17.23469762959885,1.9978,1353.56670008,1659.1183577464788,960.1299834706471,921849.5851593451,1659.078,1916.9046168682255,0.0,3321.188,0.0002970279018801793,-1.1993851086052179,3321.188,1304455775.110605,05242.csv,discharge,B0005,40,05242.csv,1.773037755,-0.0068088138000000145,3.5570649867064335,0.0025536751004504405,3343.7876000000006,19.41700103776008,31.587912968930926,0.21167978785706734,0.04773737,0.070339584,-8.728559999999888e-05,-4.9151499999994374e-05
3.556266431640255,0.22065598640894565,0.048689064338104805,3.5427321376442915,3.563105386758777,2.6637064901468075,4.199578698026071,-0.46985833889635165,1.3446975500746747,1.535872207879264,4506.980598988042,-1.9162417890311958,0.42954821430451323,0.18451166841219602,-2.012466865075766,1.9637958810532408,-2.016792488625222,0.0015198619580386,4.234607513226272,15.932202894038944,2.018312350583261,1369.0554631667944,32.111426258867944,3.542509758652166,12.549375390145826,32.1658108949562,32.30623889852949,24.020578317587123,38.74929237918251,-0.22297316349226692,-0.5327900059437773,14.72871406159539,370511.04047794524,2.4925098591549295,0.5819161372121137,0.33862639074786755,2.582,2.5595374169432246,0.0,4.214,-3.421664296729003,12.455185843471405,4.214,2325.687285,1.9025887323943664,0.42653029334461895,0.18192809114064667,1.9982,1.9498133181857815,0.0006,1.9984,-4.234695592859707,15.932647629482279,1.9978,1349.6290514,1659.0365295774648,960.2311979820518,922043.9535780463,1658.938,1916.8844931425797,0.0,3321.844,0.0006171237078357695,-1.1992360469501933,3321.844,1304428386.8179219,05246.csv,discharge,B0005,41,05246.csv,1.767872111,-0.005102753900000048,3.5563735153557245,0.002077427899553182,3334.5032,15.487162545167168,31.629748725600898,0.29399921784649197,0.048383342,0.069738127,0.00042128059999999923,-0.00016429850000000064
3.5563095420140822,0.22086472080479183,0.04878122489617865,3.542608551990585,3.5631613468262406,2.6668454289754746,4.199546957512695,-0.46187428541618974,1.319665864876269,1.53270152853722,4494.426049364873,-1.9158809823517762,0.4301866281036963,0.18506053499922792,-2.012440282542928,1.9635835794629253,-2.017255132631586,0.0018244735178706,4.227686318520829,15.873595996188438,2.019079606149457,1364.9038076318977,32.271676011112376,3.505491291733021,12.288469196416044,32.3575380437487,32.46150861809448,24.25608631932004,38.87275464755104,-0.22615609683869906,-0.5313961988942326,14.616668328231,373027.3377839682,2.494497175141243,0.5833935364345427,0.34034801835360207,2.585,2.561808770213195,0.0,4.215,-3.412893199449866,12.390702950800236,4.215,2323.2539180000003,1.9023000000000005,0.42710573407424074,0.18241930807909604,1.9982,1.9496575591829188,0.0006,1.9984,-4.2277621943649155,15.87397377277879,1.9978,1345.61226772,1654.2645677966102,957.3475969139604,916514.4213169349,1654.453,1911.309938650516,0.0,3311.828,0.00020732719836977955,-1.1991734188071521,3311.828,1293199411.2808208,05250.csv,discharge,B0005,42,05250.csv,1.76231507,-0.004637756100000043,3.555823069474134,0.0014599011335504756,3325.125,10.576097626274185,31.75427906886165,0.4122809178006055,0.04803751,0.070125114,0.0005781518999999984,-0.000579931399999995
3.558950851054106,0.22487715200465183,0.05056973349372329,3.5439604430117657,3.566048358296964,2.684431051981017,4.194091469340824,-0.40893126350095393,1.4977191696704155,1.5096604173598074,2276.2894599745323,-1.9114406265753041,0.43944109419390154,0.19310847526633346,-2.0124355143660067,1.9613040927375145,-2.0159457514475405,0.0005228307091433,4.1159826952648695,14.941528089805072,2.016468582156684,688.5617602098175,31.842291659678658,3.534108684367306,12.489924192920412,31.84037742253057,32.03781300795923,23.99270220171187,38.503541429116005,-0.17849094509939242,-0.5374769586477992,14.510839227404134,183729.4417576001,2.516620111731844,0.5885637957931351,0.3464073417184233,2.607,2.584527834729512,0.0,4.209,-3.3197642311792297,12.380689328218702,4.209,1195.6813590000002,-1.8977999999999997,0.4365104607525102,0.19054138234636875,-1.9982,1.9473536459375758,-1.9984,-0.0006,4.116045252185915,14.941829189767926,1.9978,678.8013338000001,1639.2639497206703,963.6460303185538,928613.6717487071,1627.312,1901.5256949624738,0.0,3327.391,0.029381171867044913,-1.1943445155934767,3327.391,647228194.379851,05254.csv,discharge,B0005,43,05254.csv,1.767617292,-0.002155553300000258,3.5562101341353434,0.0020085573738470785,3322.7032,7.358395185126731,31.824988148319438,0.3847537835975922,0.04808696,0.069713464,0.00041018539999999713,-0.00046632840000000205
3.5534418211598053,0.22263448201480374,0.04956611258199997,3.5402839245102884,3.5604093709782187,2.645224362345869,4.200715235801255,-0.4970390114599405,1.4481908370901806,1.5554908734553856,4487.486270688129,-1.9158166997544155,0.4299853699579859,0.184887418377906,-2.012259929132635,1.9634767748653934,-2.021877555086194,0.0024271068866283,4.227661420200562,15.873477110451901,2.024304661972822,1364.7553300842756,31.759815453754253,3.4611972406700215,11.979886338821771,31.78188353748891,31.947860084759192,23.826487051861594,38.27009094548294,-0.20951007488813475,-0.4965690236885827,14.443603893621347,361315.68045435374,2.498725988700565,0.5850946237174963,0.3423357187031186,2.59,2.566313949093278,0.0,4.216,-3.4026490434601118,12.314439487108036,4.216,2331.432419,1.9022700564971755,0.4271042887986098,0.18241807351016628,1.9982,1.9496280264080972,0.0006,1.9984,-4.2277623406835465,15.873974531384686,1.9978,1345.57150224,1654.5475056497176,957.6090133340288,917015.0224185721,1654.601,1911.6857667698093,0.0,3312.078,0.00031713588208227687,-1.1993291265011015,3312.078,1293708034.688077,05256.csv,discharge,B0005,44,05256.csv,1.76266836,-0.0020993608999999645,3.5556488596954856,0.002357126117646921,3318.8658000000005,6.755482603080139,31.91095211705176,0.2803670556548396,0.04808696,0.069713464,4.027979999999823e-05,-0.0001276902999999962
3.5510121537420285,0.22130511019697496,0.04897595179929523,3.5377449688402747,3.557901525874893,2.6603527244917,4.1990980807180325,-0.4687129020967588,1.3780910171746301,1.5387453562263325,4455.849470273658,-1.9151304155635374,0.4310379045239763,0.1857936751364205,-2.012091834545091,1.963037998550458,-2.0169903181968984,0.0006158711833322,4.213787432561931,15.756247731387912,2.017606189380231,1356.4384006810517,31.41911167391793,3.5319955005201416,12.474992215694526,31.43904590671528,31.61701394176592,23.3485583063804,38.11684755251712,-0.21101056844586885,-0.5188804946930548,14.768289246136721,351871.72084902483,2.492619318181818,0.58501539652582,0.3422430141722624,2.5835,2.5603503821831604,0.0,4.214,-3.3957503432570397,12.264048354797353,4.214,2307.498716,1.9017289772727275,0.4282474898576856,0.18339591256940857,1.9982,1.9493509216065183,0.0006,1.9982,-4.213861503661443,15.75662882754754,1.9976,1337.5890934800002,1644.689880681818,952.0194577280735,906341.0478928551,1644.562,1900.3541384463128,0.0,3293.172,0.0007967964557438016,-1.1992649390227488,3293.172,1271193739.73153,05260.csv,discharge,B0005,45,05260.csv,1.751730487,-0.0031929957999998555,3.5551961599220556,0.003044109842711881,3313.2626000000005,13.041718399066466,31.880864211466236,0.3298669314557398,0.047547282,0.073180099,-0.00016226699999999692,0.0006472294000000042
3.551317608213949,0.21900720749034402,0.0479641569327186,3.5369828955021174,3.558064208434575,2.6926849789916263,4.199398534411534,-0.4106496873878201,1.2384694180191396,1.5067135554199078,4430.9373189701055,-1.9148485784393638,0.43231390245118795,0.18689531025257525,-2.012447892515107,1.9630436542786887,-2.016185456554963,0.0008035192993614,4.199842286512554,15.638925488356232,2.0169889758543245,1348.7391360113397,31.331626572312267,3.538620015044167,12.52183161087118,31.34333654303964,31.530820720014493,23.23621418856597,38.04152715355532,-0.2175841427261514,-0.5275390434529976,14.805312964989351,347967.42934719333,2.489822857142857,0.5850796551804911,0.3423182029061224,2.5825,2.5576426769306817,0.0,4.214,-3.4011349450844,12.274042789818886,4.214,2289.537622,1.901172,0.4294137223357979,0.18439614493028572,1.9982,1.949064164801735,0.0006,1.9982,-4.1999150238257155,15.639286340267173,1.9976,1329.5978914799998,1635.3817171428573,946.7668949430748,896367.5533601514,1635.1795,1889.666879141737,0.0,3275.328,0.001151373030180387,-1.1991498380715284,3275.328,1249794319.943845,05264.csv,discharge,B0005,46,05264.csv,1.741849605,-0.0056817734999998525,3.554206395236794,0.003393594336345718,3303.9593999999997,20.08103256310802,31.724904274155097,0.3748781089244225,0.047640921,0.071652473,-0.00013328559999999288,0.0006521352999999999
3.549003180550162,0.22112880899864104,0.048897950169157475,3.5356462174369447,3.5558854770259862,2.670544734728978,4.199122915612965,-0.4481310520905726,1.3237499000475106,1.528578180883987,4412.86821247779,-1.9144128654409127,0.4327839754033059,0.18730196936588925,-2.0122983167821515,1.9627222393226134,-2.0170647431651068,0.0014889451776809,4.192863947726989,15.58032357523157,2.0185536883427875,1344.4452274673195,31.35934131425137,3.580882360514829,12.822718479846255,31.436351871786474,31.563127318812363,23.214801785728056,38.17980302242767,-0.20146501141344145,-0.5294332233621835,14.965001236699614,347684.6211441022,2.4861575931232096,0.5854090489000278,0.3427037545340351,2.579,2.5541502172695765,0.0,4.214,-3.390402674753581,12.198560034348217,4.214,2276.765483,1.9008985673352439,0.4299927448221268,0.18489376059966667,1.9982,1.94892512013593,0.0006,1.9982,-4.1929245984752415,15.580616753766613,1.9976,1325.6098842400002,1630.6119570200576,943.7328448284388,890631.6824079782,1630.641,1884.0188525555573,0.0,3265.016,0.000554973052904354,-1.198867019193086,3265.016,1238784935.8378808,05268.csv,discharge,B0005,47,05268.csv,1.736091351,-0.00838706369999999,3.5527451229440103,0.0038091850578173612,3294.597,25.63880040096768,31.542437334782896,0.23996896242119817,0.04842437,0.072499837,2.2878100000001254e-05,0.0007511754999999954
3.5597648340955175,0.22690811654164278,0.05148729335247574,3.5482099064966732,3.566989342206612,2.605158060541757,4.190409478081396,-0.6557422831527365,1.6909768140319885,1.5852514175396388,4529.535016399939,-1.9388813849818083,0.3772637665356265,0.14232794954064767,-2.0122220102988893,1.9752440291188385,-2.0168134548386294,0.0024931147123922,4.94181646703601,22.421943128153785,2.0193065695510217,1388.9656749467856,34.31088483888259,3.3312911329320847,11.097500612351933,34.28949699688154,34.472225327637545,26.6473739461698,40.71218198711114,-0.18142319863468157,-0.4959808196276332,14.064808040941337,423047.0175780318,2.527724719101124,0.5206994675015346,0.27112793545638175,2.588,2.5807983631061213,0.0,4.205,-3.7301788828163978,16.13424925611853,4.205,2371.145188,1.9252814606741575,0.3746878413030484,0.14039097842033837,1.9982,1.961402478135468,0.0006,1.9984,-4.941913997747893,22.422514913596334,1.9978,1369.56748652,1663.7565028089887,962.7263960311236,926842.1136150758,1663.883,1922.2195021001821,0.0,3328.937,-7.065395621497736e-05,-1.1995458242885808,3328.937,1315394301.8745208,05270.csv,discharge,B0005,48,05270.csv,1.793624015,0.004627217400000126,3.5529079195522923,0.004143438572448408,3294.9062,26.137633236401847,32.03615597062368,1.283154211466482,0.04842437,0.072499837,0.00015519080000000207,0.0004892483999999976
3.5623454342368555,0.2219615161167919,0.049266914636864875,3.5476116398021666,3.5692536905444303,2.672012007453096,4.199933846791869,-0.478055573506005,1.3044087354960112,1.5279218393387732,4535.287599057552,-1.927509725704535,0.40406682162522617,0.16326999633831232,-2.012210113915879,1.969406951095655,-2.0165540953857675,0.0028589701045215,4.558118080214107,18.776788675716173,2.019413065490289,1380.7686910925026,33.43585640373787,3.3758093419223836,11.396088713010435,33.412976657328585,33.60584148871129,25.69911743242072,39.88526123315293,-0.18911568073174437,-0.49111869506206585,14.18614380073221,402049.5192505226,2.5045955056179774,0.5503177778420519,0.3028496566090141,2.578,2.564341690058247,0.0,4.215,-3.5782425617608,14.213442950000719,4.215,2341.001996,1.9140382022471911,0.40129590122295183,0.1610384003383411,1.9982,1.955653507142817,0.0006,1.9984,-4.558214726638046,18.77732165829309,1.9978,1361.55070784,1663.5275196629213,962.8261317701988,927034.1600195643,1663.2115,1922.0712704516018,0.0,3329.266,0.0004984598447648666,-1.1995594447913476,3329.266,1315191436.8555748,05274.csv,discharge,B0005,49,05274.csv,1.783189022,0.011469148000000012,3.554688642167702,0.005949771007027688,3298.3438,29.83011547414197,32.37136416062041,1.405961725084347,0.049430746,0.070140754,0.0004550377000000002,-0.0005231325999999959
3.558336657621618,0.22116302424041023,0.04891308329116428,3.543581524387653,3.565203059050768,2.674271233724938,4.199365021329158,-0.4633546730297267,1.3110915874260787,1.52509378760422,4486.867516849529,-1.9267185977839403,0.40558851313715844,0.16450204198881094,-2.012045548244332,1.9689455546142771,-2.022483480851903,0.0012369720338688,4.536182925819224,18.577253382877956,2.023720452885772,1368.4915487534693,32.66698125020078,3.410710826213734,11.632948340051572,32.63464545987951,32.84455224753446,24.83328108182313,39.18287352945846,-0.1949296573411857,-0.4892420493492433,14.349592447635331,380803.9081563803,2.5031246458923513,0.5523283718547806,0.30506663035575277,2.58,2.5633375944712125,0.0,4.214,-3.563113552722707,14.070651066073705,4.214,2319.456967,1.91328895184136,0.4029234585468353,0.16234731344734332,1.9982,1.9552549518376248,0.0006,1.9982,-4.536266097291463,18.577710889375375,1.9976,1349.5267401199999,1649.7849801699717,954.6560323299472,911368.1400639572,1649.766,1906.084631084987,0.0,3301.579,5.0406518406074956e-05,-1.1994572629942346,3301.579,1282504993.163012,05278.csv,discharge,B0005,50,05278.csv,1.767364208,0.009812687699999966,3.5561535429436204,0.005715349471723506,3300.0252,29.702384714036622,32.62093807587697,1.3015454716362216,0.049748225,0.071129938,0.000522098399999995,-0.0003404152999999873
3.5540131386228695,0.22441709628144815,0.05036303310339677,3.541019593811317,3.561091465071822,2.6309416727017187,4.19902365945384,-0.5341138224650328,1.5157815713481222,1.5680819867521216,4451.161720335189,-1.9261308349663746,0.4068434847542995,0.16552162108702193,-2.0120526546612765,1.9686293745891545,-2.016804145903712,0.0027115029184951,4.521494204384942,18.444224934689505,2.019515648822207,1360.3010666878454,32.28423408691397,3.4772968027557734,12.091593054455522,32.27740511560033,32.47096185260168,24.361616832363048,38.95156480403077,-0.17762615194450365,-0.5085391843516982,14.58994797166772,370081.5406352229,2.497017094017094,0.5532001278689082,0.3060303814741763,2.574,2.5575622669424396,0.0,4.214,-3.5420490690312088,13.907685717141916,4.214,2295.934787,1.9127868945868944,0.40400914597033366,0.16322339002767836,1.9982,1.954987747821212,0.0006,1.9982,-4.521574951286502,18.44464118057623,1.9976,1341.5139600400003,1640.4004786324788,949.3928996760349,901346.8779552697,1640.406,1895.3259899692546,0.0,3283.563,0.0005130311324900714,-1.1994373539879275,3283.563,1260883473.4967802,05282.csv,discharge,B0005,51,05282.csv,1.757017785,0.0015593061000001576,3.556692649025405,0.005253636060988565,3301.6722,28.179850633043227,32.81145957879732,1.1231246220401334,0.049884866,0.071983028,0.0004244846999999981,-0.00024035169999999843
3.552376095886298,0.22204569380260106,0.04930429013627846,3.538433929443114,3.5593089521367287,2.6629725743154204,4.199432142144215,-0.46632044652574917,1.3543363864994902,1.536459567828795,4434.03807586623,-1.9202346781375206,0.42017980834668417,0.17655107134225625,-2.012140357308139,1.9656684080648403,-2.0172800396238526,0.0031272458314235,4.349960985342184,16.922486341960898,2.020407285455276,1352.3483016624573,32.00739178780946,3.5114636089072517,12.33037667667994,32.018259653126535,32.199433313880114,24.019157444608588,38.607510759873634,-0.18735978277880877,-0.5218875613475538,14.588353315265046,362881.2270072543,2.4874085714285714,0.5688397679846375,0.3235786816408163,2.5705,2.5516230291438315,0.0,4.215,-3.4568615214547935,12.988967711275926,4.215,2278.773029,1.9067880000000001,0.4171914637861135,0.17404871745600003,1.998,1.9518937456736727,0.0006,1.9982,-4.3500460825363385,16.92290223328609,1.9976,1333.46121804,1636.1661114285714,946.8312732593621,896489.4600219447,1636.258,1890.3780056404692,0.0,3275.125,0.00027509799226250694,-1.1993635493404813,3275.125,1250735151.4732332,05286.csv,discharge,B0005,52,05286.csv,1.746870618,-0.01196780310000003,3.5573672320926315,0.004111938759371798,3303.6940000000004,25.085126967998775,32.941069673508935,0.9353501138011816,0.049216381,0.071463744,0.00020381420000000207,-2.2991199999998185e-05
3.549618661283733,0.22622259329090486,0.051176661715262146,3.537463712399428,3.5568201110330255,2.612942119873717,4.199640922827531,-0.5515779735302273,1.5744431692230387,1.5866988029538143,4415.188286484895,-1.9201011498853633,0.4206076443839264,0.1769107905141955,-2.012251179740141,1.9656294707561974,-2.0159193745006387,0.0012894534058489,4.3427960250958755,16.860158834401517,2.0172088279064875,1348.4310264905457,32.06387071886056,3.565622841015737,12.713666244373135,32.05828926901574,32.26151688498507,24.00664649428476,38.920359903369054,-0.1657068423845891,-0.5342175471781592,14.913713409084295,363241.10963034164,2.4783954154727796,0.5684276544771529,0.3231099983743976,2.564,2.5427453340456427,0.0,4.214,-3.4400233917540812,12.861762612591848,4.214,2256.478288,1.9065845272206305,0.4177782824476979,0.17453869328494845,1.9982,1.951820497054497,0.0006,1.9982,-4.342873015755009,16.860546861203648,1.9976,1329.5515352000002,1630.8346131805158,943.991070126546,891119.1404786614,1630.641,1884.340912899336,0.0,3265.656,0.0008705894866859669,-1.1990525714921128,3265.656,1239208495.9331799,05290.csv,discharge,B0005,53,05290.csv,1.741717251,-0.010343713200000047,3.5553379975302746,0.00503326561772466,3291.0377999999996,25.128856832348696,32.491666849504526,0.5879603024831823,0.049945939,0.070887043,4.9854200000001316e-05,0.00018263840000000154
3.54938103086703,0.22644463175198204,0.05127717124929076,3.5373204565677807,3.556597091817963,2.615719844266148,4.199305653118061,-0.5424319607796753,1.542155090316185,1.5835858088519128,4414.634622861269,-1.914427810545647,0.4328590035817753,0.18736691698180738,-2.0121451617100337,1.9627533616765014,-2.020605919573001,0.0010352326876111,4.192837109175995,15.58018246062462,2.0216411522606124,1344.48786481157,32.43754560319043,3.6022709283889247,12.976355841516007,32.455888632473474,32.63695329837904,24.328038456694348,39.23273115358871,-0.16733039744545944,-0.5586004946137906,14.904692696894362,371744.5814896006,2.4728252148997134,0.584887588293802,0.3420934909401401,2.567,2.5410545122810637,0.0,4.214,-3.3438345805228056,11.949199243913862,4.214,2253.478354,1.9008893982808022,0.4299986579934201,0.18489884587614225,1.9982,1.9489174816734782,0.0006,1.9982,-4.192924538764822,15.5806164001715,1.9976,1325.59949328,1630.6591977077362,943.9906603905174,891118.3669045252,1630.437,1884.1888933897694,0.0,3266.093,0.0010105408555722282,-1.199093263219325,3266.093,1239008557.304704,05294.csv,discharge,B0005,54,05294.csv,1.736422506,-0.007718393799999906,3.55274511685631,0.0036776753118468084,3278.4031999999997,14.904026039991281,32.292004689395036,0.271523283193992,0.048969605,0.071781685,-0.00014961669999999583,2.0750900000003552e-05
3.5472118680418956,0.22560488668621256,0.05089756489669881,3.534681874025748,3.554378933326323,2.6287695472774453,4.198949734540481,-0.5134675427912286,1.4782879191850444,1.5701801872630354,4396.496141382542,-1.9083407065035893,0.44542459211819263,0.19840306726365828,-2.0122252480585505,1.959634486163753,-2.017554048083073,0.0021414406216503,4.048138122102964,14.38764459512058,2.0196954887047234,1336.3782271380721,32.16809876635083,3.563053000695821,12.695346685767497,32.21100050824683,32.36482542711252,24.12159109376564,38.9649270684008,-0.17520379772268282,-0.5519312178739249,14.843335974635156,364523.7098747593,2.4686465517241376,0.601981368152746,0.36238156760305196,2.562,2.540983542831895,0.0,4.214,-3.249150686411103,11.0908574090153,4.214,2246.895883,1.8948356321839082,0.44237738023822987,0.19569774654643943,1.9982,1.9457902814898194,0.0006,1.9982,-4.048194290380237,14.38787777907227,1.9976,1317.5627372000001,1626.42533045977,941.4599628589444,886346.861666365,1626.1644999999999,1879.2568257764924,0.0,3257.594,0.0009994623393509365,-1.1990293565694983,3257.594,1228998963.5951831,05298.csv,discharge,B0005,55,05298.csv,1.726321724,-0.007184023400000123,3.5505201589403654,0.0026786427753146083,3269.6061999999997,9.96856337195974,32.19222819262505,0.17310985192867415,0.050229376,0.071831924,4.4224399999999576e-05,1.573299999991263e-06
3.5467052098640246,0.22260946236691775,0.04955497273528817,3.532694339750857,3.553684400507719,2.6655106679421823,4.19834220599025,-0.446582996921673,1.3253712846976597,1.5328315380480677,4382.149467988931,-1.902207182631691,0.4575237574010793,0.2093279885864017,-2.0123111827004085,1.9564560189899487,-2.016416703030436,0.0017702200905978,3.9141494047509022,13.320779963411923,2.018186923121034,1328.2188935219733,32.05752645824972,3.580382906894387,12.8191417599815,32.047090805013745,32.25684647297938,23.971565610462942,38.83927283461771,-0.17586289028085378,-0.5604084534800982,14.867707224154767,361054.93810033274,2.4558587896253603,0.6148498471387049,0.3780403345264889,2.566,2.5316561237866857,0.0,4.213,-3.185785553279505,10.459746929753523,4.213,2224.0211069999996,1.8887763688760806,0.45442843273615036,0.20650520047903395,1.9982,1.9426737688309241,0.0006,1.9982,-3.914215507230616,13.321083763834881,1.9976,1309.57153612,1621.600925072046,938.7841810374991,881315.738566248,1621.437,1873.7409903080957,0.0,3248.593,0.0010175780266281807,-1.19863197280703,3248.593,1218284138.6699848,05302.csv,discharge,B0005,56,05302.csv,1.715806539,-0.0077523685000000595,3.5490585731885966,0.0022567827384802294,3262.6122,9.995888539835354,32.1468866668922,0.17267620436816034,0.049715267,0.071390272,0.00012812089999999815,7.979370000000394e-05
3.544629653883431,0.22441087883425337,0.05036024253916195,3.531387410751687,3.551726288120881,2.650495153350403,4.198995776266302,-0.47337515454960793,1.3852277556642898,1.548500622915899,4364.70683050221,-1.9020484449938708,0.45824944020161834,0.20999254944509657,-2.0122926155899084,1.9564715271500117,-2.0170229987437884,0.0014307662327893,3.9074476157030515,13.268351750132442,2.0184537649765777,1324.41216944585,31.97592092807272,3.6137129639045327,13.058921385491681,31.98724974138713,32.17947234781594,23.83541998401671,38.82796377704433,-0.17175203122447813,-0.5693201244436348,14.992543793027622,358289.38044201233,2.4537601156069364,0.6160743684220081,0.3795476274265762,2.557,2.5299182461830543,0.0,4.214,-3.1664965277816743,10.350956140335699,4.214,2214.568271,1.8884606936416186,0.455049191412642,0.20706976660529927,1.9982,1.942512177062137,0.0006,1.9982,-3.907509261675581,13.268629340426013,1.9976,1305.5803310800002,1616.5487167630058,935.9142346191762,875935.4545627984,1616.141,1867.93072897014,0.0,3238.766,0.0014480927934096039,-1.1987106765283413,3238.766,1207251162.047898,05306.csv,discharge,B0005,57,05306.csv,1.710533351,-0.008298376700000061,3.5475092847880227,0.0020603500877255567,3255.3404,11.697722697210937,32.14059249494485,0.17947190990322678,0.049132166,0.072451869,-8.81884000000013e-05,0.0002738238999999999
3.5436291614253204,0.2251626394650501,0.050698214210868134,3.5306861437208834,3.550775386857747,2.643236235233877,4.19916986492694,-0.4845144856017054,1.415633737315467,1.555933629693063,4362.370023378515,-1.8964907679062355,0.4695119039783484,0.22044142797737384,-2.01269809494819,1.953744778810927,-2.016783933430818,0.0049011998067657,3.789588824944489,12.361156102166895,2.021685133237584,1320.7230566129115,32.21689335291319,3.6809207416656737,13.549177506424574,32.19961081469221,32.42649217567954,23.956923878018035,39.14007944734004,-0.1774209536065068,-0.5985146607430978,15.183155569322007,363811.1786075147,2.4475115606936417,0.6295470719194111,0.3963295157623042,2.556,2.5271807128678647,0.0,4.214,-3.109218297013258,9.786500224507034,4.214,2209.778255,1.8827364161849713,0.4661591589856746,0.21730436150623147,1.9982,1.9395877846427214,0.0006,1.9984,-3.789637141951153,12.361349774983701,1.9978,1301.65226792,1617.2792080924853,936.1593552819622,876394.3384819393,1617.1015,1868.6857347906835,0.0,3240.14,0.0011572517806155921,-1.19837798472301,3240.14,1208227285.891928,05310.csv,discharge,B0005,58,05310.csv,1.7060145,-0.0076604384999999,3.5463113848163403,0.0022589398140679265,3250.2371999999996,11.638021425520265,32.171197021755376,0.17613423181762491,0.049209683,0.073040251,-6.17053999999956e-05,0.00031370770000000017
3.5444946147995258,0.2250288003365719,0.050637960980916746,3.530928211585117,3.5516306163963267,2.656450207001938,4.199246833083063,-0.4622875512321341,1.340000564325627,1.5427966260811248,4351.8576121866945,-1.895971437908019,0.4700220134159711,0.2209206930956033,-2.012402115801722,1.9533633523895664,-2.019982930624072,0.0017964242690772,3.7829997502039006,12.311292343693632,2.0217793548931495,1316.3917933282187,32.55632993697177,3.5876341260521625,12.871118622414064,32.57735101622594,32.75340803011769,24.465118009505925,39.349611598028886,-0.18203527368983174,-0.5621726950971677,14.884493588522961,370111.07946764544,2.4475623188405797,0.6304794699737583,0.3975043620583911,2.562,2.5274622977735333,0.0,4.214,-3.104473691386041,9.748324963255653,4.214,2203.8826550000003,1.8824028985507248,0.46679303981591663,0.21789574202058393,1.9982,1.939416513926999,0.0006,1.9982,-3.783059422048027,12.311538639464066,1.9976,1297.661063,1612.0939710144926,933.345192719653,871133.2487728862,1611.859,1862.7882918233522,0.0,3230.109,0.0013791755857338038,-1.1983958744010148,3230.109,1197143175.953186,05314.csv,discharge,B0005,59,05314.csv,1.700311027,-0.006181343300000272,3.5453341016028395,0.001542218398514121,3243.0404,10.446800481530515,32.19495388851165,0.22285472983099086,0.049506316,0.072510829,-0.0001951704000000023,0.00030077889999998586
3.5409201846556857,0.22759267954042176,0.051798427780389115,3.528502899429028,3.5482269067637775,2.626177688152069,4.19925518864016,-0.5124623227954455,1.4725413753603576,1.5730775004880915,4343.520392749443,-1.8899648799839277,0.4809252461296192,0.2312890923648348,-2.0123178238075816,1.950193923674642,-2.016448312230377,0.0048990136261112,3.6732879515432066,11.49321629962771,2.0213473258564885,1312.1234372784359,32.40048085325998,3.6261445424786727,13.148924242947862,32.40179689351998,32.60276190394633,24.267851748683743,39.29444535878087,-0.1673823853352782,-0.5813152426401316,15.026593610097127,366714.32889906794,2.440286956521739,0.6445888130783917,0.4154947379458097,2.562,2.523983987293886,-0.0,4.214,-3.0311309711341456,9.135152741013172,4.214,2197.820833,1.8765976811594203,0.4775935117120056,0.22809556242940562,1.9982,1.9364179350962227,0.0006,1.9982,-3.6733344351628356,11.493386081021638,1.9976,1293.65147468,1611.9802086956522,933.0667301654743,870613.5229416899,1611.64,1862.5503258081828,0.0,3229.7810000000027,0.0012767322876810075,-1.198252960470063,3229.7810000000027,1196837332.078018,05318.csv,discharge,B0005,60,05318.csv,1.69457986,-0.005267568200000042,3.544075764925598,0.002094835936603209,3237.4778000000006,7.839553284526239,32.24143030589347,0.23946647532656457,0.048651763,0.072017621,-0.00017528580000000148,0.00013136579999999858
3.541195668799061,0.2253901682415922,0.050800727939973235,3.527672848857806,3.548361240440607,2.6582230344240045,4.199610827671791,-0.46181350263472853,1.3487196895060567,1.5413877932477869,4318.6675499827925,-1.8893703824420507,0.4822531223123998,0.23256807398005847,-2.012122948916625,1.9499457725868377,-2.026465491633473,0.0024344067431928,3.6599532564349895,11.396524762780578,2.028899898376666,1304.1849609980427,32.29371860868794,3.637499367495382,13.231401648529307,32.29545126524977,32.49793321467762,24.14386556947967,39.10487658009542,-0.17153807406249177,-0.589917525476622,14.961011010615753,362247.6724863969,2.4377755102040815,0.646004823823449,0.4173222324031654,2.558,2.5219182521552788,0.0,4.215,-3.0166608593323607,9.050982940326755,4.215,2181.504583,1.8758862973760935,0.4788757305023226,0.22932196526413312,1.9982,1.9360452902624778,0.0006,1.9982,-3.660403006932987,11.398550473618515,1.9976,1285.6570785200001,1603.143029154519,928.0289244567138,861237.6846282849,1602.922,1852.3782703743345,0.0,3212.469,0.0013727792729312834,-1.197982994095557,3212.469,1176937702.9983687,05322.csv,discharge,B0005,61,05322.csv,1.684902909,-0.006269552400000077,3.5429738567126043,0.001793273185386989,3230.2530000000006,11.03107104958441,32.28866873598112,0.2162942823253375,0.049165756,0.073169936,-4.907400000000146e-05,4.135040000000601e-05
3.540671044783382,0.22200337643732754,0.04928549914957376,3.524848956071632,3.5476241270062725,2.695100237338448,4.1994453812630566,-0.3942686948122876,1.2222962984219343,1.5043451439246085,4316.8734726553375,-1.8776883243431417,0.5029620620589579,0.252970835870599,-2.0123580719669816,1.9438838132062204,-2.017330650607364,0.0014513205321675,3.461873010569552,9.98472462916364,2.018781971139531,1296.0887077810885,32.136071448067796,3.654819125074113,13.357702837007505,32.08699827397882,32.343234083070996,23.93408558388468,39.0462609369598,-0.1793674044462065,-0.6014571906844992,15.112175353075116,358807.0832966475,2.4169620991253646,0.6693663391145517,0.44805129593961707,2.552,2.507938811962546,0.0,4.214,-2.9036552756076963,8.108269897417896,4.214,2157.38668,1.8642157434402333,0.49960300377879746,0.24960316138479713,1.9982,1.9300009065995847,0.0006,1.9982,-3.4619239647875206,9.984917984338091,1.9976,1277.64190032,1602.9099008746357,928.1147782535286,861397.0416125966,1602.5,1852.2195312474519,0.0,3213.219,0.002170221521359262,-1.1978599228899804,3213.219,1176735996.833544,05326.csv,discharge,B0005,62,05326.csv,1.674474159,-0.00784887999999988,3.5421821348925953,0.001752888771341212,3225.1436000000003,11.978045116003528,32.32069883998013,0.1639191640585257,0.049234273,0.072771207,-2.9137999999998266e-05,1.2101900000006771e-05
3.5376048790268775,0.22747021165023182,0.05174269718820126,3.524894168969665,3.5449105739500633,2.639091813583503,4.198991968341307,-0.4930830323170335,1.4178158079475214,1.5599001547578042,4297.705714237615,-1.8831065986697755,0.49360990385500675,0.24365073718374902,-2.0123736274533752,1.9467257637215878,-2.02257876070347,0.0059339984616673,3.551554437138795,10.613846440292324,2.0285127591651375,1296.0914901049905,32.382685497234974,3.738665594798859,13.977620429732706,32.377778570650726,32.597790422704506,24.08059534182364,39.398032192832,-0.15501713834521874,-0.6237721241383611,15.31743685100836,363414.6516313574,2.425584795321637,0.6579958696277511,0.43295856444718045,2.5564999999999998,2.513248925940821,0.0,4.214,-2.962506838304572,8.554340210491745,4.214,2160.215696,1.86970350877193,0.49006400601114186,0.2401627299876885,1.9982,1.9328615937779285,0.0006,1.9982,-3.5516481571299527,10.614204681297627,1.9976,1277.69624772,1598.327128654971,925.4333533962092,856426.891578153,1597.7894999999999,1846.9099874581316,0.0,3203.578,0.0019698756310639995,-1.198019517721788,3203.578,1166588163.6062279,05330.csv,discharge,B0005,63,05330.csv,1.674569248,-0.007158925899999749,3.5409772784129068,0.002443842567013482,3217.8312000000005,11.691036960042304,32.35385726884449,0.15414873409409022,0.050547586,0.072708668,0.00026650500000000206,0.00011492640000000644
3.538422485261741,0.22445639503179143,0.0503806732706676,3.522908635282469,3.545534424804891,2.6857210282450983,4.197785116892181,-0.4114810434006504,1.218594114486474,1.5120640886470826,4286.647695899503,-1.876359921441716,0.5045046007331752,0.2545248921609405,-2.0119322947552423,1.94300062968433,-2.0158674131052456,0.0034449440902895,3.4493725937333366,9.898301890353942,2.019312357195535,1287.3607434112128,32.30899951427637,3.5736016881249952,12.770629025369814,32.206106238292044,32.50603141939785,24.428816535813286,39.10678394120843,-0.12654340171560885,-0.6282679154349191,14.67796740539514,360314.94881585817,2.4160117302052786,0.6723735389019123,0.45208617581548144,2.55,2.507827517255719,0.0,4.213,-2.876280970929316,7.9609215811052145,4.213,2144.6168099999995,1.8634428152492668,0.5009754416364799,0.25097639312286607,1.9982,1.9296101986740688,0.0006,1.9982,-3.4494076843792905,9.898413672956178,1.9976,1269.67787192,1593.783483870968,922.817519458936,851592.1742203437,1593.344,1841.6671707125104,0.0,3195.125,0.002213679663789221,-1.1976498718598287,3195.125,1156582646.978956,05334.csv,discharge,B0005,64,05334.csv,1.663716376,-0.0072060629000000355,3.53976285250535,0.0016332963091000945,3210.8344000000006,12.910968933474138,32.304391184305416,0.1046779562508503,0.050118815,0.073010411,0.00043159339999999534,0.00015243120000000215
3.53928626988912,0.2237217691429451,0.05005142998844921,3.523302765149408,3.546350057483622,2.69017866510873,4.201331130571617,-0.40144738461865914,1.2232821307005892,1.5111524654628874,4288.620167003004,-1.8709550260104437,0.5143997774045596,0.26460713099386046,-2.012368402720058,1.9403813646671628,-2.016878594815316,0.0012286208011475,3.3591281246277824,9.283874233035824,2.0181072156164634,1283.8922255585321,32.56636929496717,3.6987146279019267,13.680489898655688,32.5751164197063,32.77573643649881,24.3288116844709,39.44448954135193,-0.17334294920935148,-0.6277957590335692,15.115677856881028,366318.874543599,2.4128035190615837,0.6849116085611838,0.46910391154186826,2.558,2.5081317216481733,0.0,4.216,-2.835332819912656,7.580497458962148,4.216,2145.137134,1.8575706744868035,0.5109416378248904,0.26106135726318147,1.9982,1.926559152472755,0.0006,1.9982,-3.359172853174926,9.284042643534864,1.9976,1265.66588728,1594.0499208211145,922.9600917870072,851855.3310314807,1593.875,1841.9691857089474,0.0,3195.312999999994,0.0016850433463872147,-1.1977290141965027,3195.312999999994,1156962014.0555372,05336.csv,discharge,B0005,65,05336.csv,1.659013869,-0.00625358630000008,3.5394360695520364,0.0015020323834969694,3203.940799999999,8.819071334396996,32.337568872646855,0.15630531746162446,0.050118815,0.073010411,0.00027906600000000224,-7.984599999998282e-06
3.533690170241391,0.22841550184844867,0.05217364148467866,3.5205953602939797,3.541064791943987,2.639895313359579,4.199339974904826,-0.4889299683388767,1.4051620532599784,1.5594446615452475,4263.307552653406,-1.8705599868289542,0.5149956757914231,0.26522054608386464,-2.0123311953203356,1.9401585529047365,-2.019019155129933,0.0006759557151863,3.3529539851872303,9.242449554213218,2.0196951108451193,1279.8331715391964,32.46542951751835,3.763161934375441,14.161387744332313,32.46114730234507,32.68280131049485,24.12488538702097,39.509602016775695,-0.15798560080364923,-0.6368414551013992,15.384716629754724,363176.2705104365,2.401258823529412,0.6844194130870198,0.4684299330103807,2.5465,2.496892843233012,0.0,4.214,-2.8070756499602587,7.449920605161065,4.214,2119.721116,1.8571552941176472,0.5116395699423529,0.2617750495307959,1.9982,1.9263439038759407,0.0006,1.9982,-3.3530009168378174,9.242615527912072,1.9976,1261.67228424,1589.5361411764704,920.2461714036235,846853.0159830272,1589.1565,1836.703068024119,0.0,3186.297,0.0018118590765725158,-1.1976189829942065,3186.297,1146982574.430332,05340.csv,discharge,B0005,66,05340.csv,1.653854057,-0.005679558299999992,3.537934969840502,0.002630450188770949,3198.7063999999987,10.157298400716726,32.371911054412934,0.16298311314560615,0.049792567,0.073436504,6.878170000000234e-05,0.00016323370000000093
3.534367734544495,0.22401128563800177,0.050181056093190415,3.518493566683846,3.5414596339761344,2.68991452927918,4.198916244859707,-0.4087038343988892,1.2333319831637777,1.5090017155805273,4251.716418948925,-1.8640049795794804,0.5255367036226928,0.27618882685460605,-2.0121692658526658,1.9366732792992483,-2.0179820220655023,0.0017286665299136,3.2618109257579317,8.639511656223826,2.0197106885954157,1271.4884494648277,32.347056454418095,3.7686387838768,14.202638283340407,32.365349591930226,32.56585173995379,23.980294072799666,39.33486536224533,-0.172509160834198,-0.6495148522340153,15.354571289445666,359521.26314699283,2.390194690265487,0.6956515104868264,0.4839310240426032,2.541,2.4893697357797073,0.0,4.213,-2.7561193835409887,7.05788351557335,4.213,2100.77001,1.8508483775811209,0.52206650286321,0.2725534334118221,1.9982,1.9230686805744848,0.0006,1.9982,-3.261842585767342,8.639617410008011,1.9976,1253.68747792,1584.184436578171,917.3316153096855,841497.2924466768,1583.907,1830.6112699159191,0.0,3176.438,0.002187088641996103,-1.1974265046062176,3176.438,1136035653.703136,05344.csv,discharge,B0005,67,05344.csv,1.642653782,-0.007369325100000075,3.536674307792725,0.0024984890610594674,3191.350199999999,10.336591928736908,32.414108055682995,0.10289372833350995,0.049865378,0.07321339,-0.0001690663999999977,0.00014355370000000115
3.5312941932103548,0.22709204592021853,0.05157079732023064,3.517212791220351,3.5385886277330116,2.65935818848874,4.198537488587242,-0.46022361271776047,1.3351287456508851,1.539179300098502,4232.304002996632,-1.8636932149873204,0.5263075365065475,0.2769996229835909,-2.012337675041646,1.9365825628083524,-2.0158401305926343,0.0008822013179447,3.255708949988025,8.599747180859708,2.016722331910579,1267.6189836297976,32.37153894064616,3.798378346405977,14.427678062445802,32.367041258163255,32.59362225111251,23.969183667109306,39.43723270017243,-0.16146226599145702,-0.6546833667923608,15.468049033063124,359072.34346949705,2.38642899408284,0.6962557570876425,0.4847720792776863,2.5374999999999996,2.485923454790377,0.0,4.213,-2.743904038137902,6.992917192344166,4.213,2088.777613,1.850440828402367,0.5227778433340213,0.2732966734809706,1.9982,1.9228697129289358,0.0006,1.9982,-3.255744458000472,8.599872134024436,1.9976,1249.73064132,1579.7853461538464,914.7774394874203,836817.763795161,1579.4295,1825.5244462119888,0.0,3167.593,0.002201437136459162,-1.1974829648151784,3167.593,1126398352.256545,05348.csv,discharge,B0005,68,05348.csv,1.637857843,-0.00680771529999993,3.535412170629421,0.003357249966698209,3184.1531999999993,12.075615354972989,32.41187874436523,0.10386094134986806,0.049811933,0.074596186,-8.672009999999493e-05,0.00033745290000000466
3.5309134771684274,0.22674511548841456,0.051413347397854456,3.5158432279761644,3.5381864465637607,2.6657030585650423,4.198943932259475,-0.44551834875844076,1.3048475645525714,1.5332408736944325,4231.342005758852,-1.857820396301907,0.5360241740397207,0.2873219151549648,-2.0123609432147647,1.9336024772611196,-2.0192083553177325,0.0032196054196979,3.1753899690031657,8.083216917356339,2.0224279607374305,1263.7206665437743,32.45549347979197,3.806767841094206,14.491481395989043,32.454961548854314,32.67798247157875,24.037074564457946,39.51375235624076,-0.16586354680681048,-0.6592865817291229,15.476677791782812,360933.48198352905,2.3790325443786986,0.7081585058128332,0.5014884693550645,2.5355,2.482193448659481,0.0,4.214,-2.689475142245816,6.606409329812157,4.214,2082.514099,1.844530177514793,0.5322856917201773,0.2833280576100276,1.9982,1.9197967687681896,0.0006,1.9982,-3.1754264480872965,8.083333255907483,1.9976,1245.7394360800001,1579.6517159763314,914.6911429388616,836659.8869708009,1579.2185,1825.3655608556246,0.0,3167.719,0.002568439361104277,-1.1969769180835566,3167.719,1126202287.5961258,05352.csv,discharge,B0005,69,05352.csv,1.632735041,-0.006855386999999827,3.5339103690107576,0.003353495099031959,3178.671999999999,12.07028077557762,32.441177537468356,0.08685389071379263,0.048506735,0.074583098,-0.0003204793999999953,0.00043050559999999974
3.5287226893409893,0.22927035359609074,0.05256489503807647,3.514846648088225,3.53616299303468,2.642986759012803,4.199579806494986,-0.4796561344817687,1.3706893817466925,1.5565930474821834,4213.999216384791,-1.857216098195535,0.5366022681919891,0.28794199422878736,-2.012227673402025,1.9331822546323545,-2.017754065523427,0.0023292227087573,3.1693703327057006,8.04502903903133,2.0200832882321844,1259.434253183771,32.50017194695606,3.822022211269684,14.607853783438804,32.49017433798938,32.7241352882723,24.074008046047823,39.60170302810528,-0.15876211623271003,-0.6630953881157384,15.527694982057454,360882.863233055,2.3752314540059345,0.7088585549177506,0.5024804508800816,2.536,2.478750675436969,0.0,4.215,-2.6760060893868514,6.539421635844471,4.215,2070.597055,1.8440694362017804,0.5330008802281798,0.28408993832401447,1.9982,1.9195525582430837,0.0006,1.9982,-3.1694067941229114,8.045139618167097,1.9976,1241.73784204,1575.2785133531156,912.2188912948496,832143.3056352047,1574.577999999994,1820.3421931788557,0.0,3159.077999999994,0.0027423816226005236,-1.1970501209920013,3159.077999999994,1116698600.9900486,05356.csv,discharge,B0005,70,05356.csv,1.627752892,-0.006212107099999944,3.531797652901132,0.0022736304020076026,3171.424999999999,10.334089485843029,32.42793806786612,0.0653936918917135,0.050023074,0.073663839,-8.97628999999989e-05,0.00018243779999999957
3.52625493581969,0.2307324709807415,0.05323747316487873,3.5131743491171763,3.5337956004213944,2.631116911889304,4.198782234828033,-0.49920869853200656,1.401334091675599,1.567665322938729,4195.8710121073545,-1.8568340008006832,0.5375143566828329,0.2889216836401597,-2.012353030115584,1.933068594274303,-2.016206764491147,0.0036382151418645,3.163339941378958,8.00682603184744,2.0198449796330116,1255.549407896996,32.50100298369444,3.84957926477219,14.819260515763993,32.48396211233183,32.7281905314345,24.04353667889633,39.68746359758208,-0.1508201664747145,-0.6677030527417345,15.64392691868575,359901.17703519133,2.3729464285714283,0.7093569796026923,0.5031873245110544,2.535,2.476703873574908,0.0,4.214,-2.6704545746189567,6.505669176568281,4.214,2061.044858,1.8436053571428577,0.5337210129029568,0.2848581196141582,1.9982,1.9193068625157363,0.0006,1.9982,-3.1633759583860677,8.006947698347835,1.9976,1237.73624772,1570.2029732142857,909.2424494477184,826721.8318776868,1569.5165,1814.4583789573874,0.0,3148.829,0.002630279485247384,-1.1969537889960884,3148.829,1106199094.213473,05360.csv,discharge,B0005,71,05360.csv,1.622125486,-0.00511615429999999,3.5303106060167915,0.00303154784723682,3163.9313999999986,10.437986506095958,32.435052761101346,0.07208522488299822,0.05020469,0.073718858,8.897649999999659e-05,7.858900000000932e-06
3.5286843243370045,0.2247705585097621,0.050521803972790394,3.5113370689484666,3.5358358085174846,2.696157404617167,4.19910517813207,-0.397003362747626,1.1967946092422004,1.5029477735149035,4200.71731457095,-1.8448886500218815,0.5559145972091806,0.30904103939024546,-2.012366910286639,1.9268251530353773,-2.018425729441905,0.0024093430745418,3.015082631150398,7.090826509816907,2.0208350725164466,1247.4521372442543,32.4728927422438,3.8316458393751693,14.681509838401045,32.48262077923828,32.69816925896114,24.007622451152475,39.53535075538898,-0.1791191888955827,-0.6769376277285182,15.527728304236508,359241.2116902575,2.3579464285714287,0.7313128585838634,0.5348184971301019,2.5324999999999998,2.468750667269349,0.0,4.214,-2.5778486128809117,5.858043556624933,4.214,2047.829232,1.8316964285714288,0.5520769699068515,0.3047889807015306,1.9982,1.9130867170995824,0.0006,1.9982,-3.01511334291549,7.090908781170636,1.9976,1229.7266644800002,1570.1018065476192,909.2157311629709,826673.2457942157,1569.586,1814.357442379619,0.0,3149.094,0.0026013535187946993,-1.196674510993742,3149.094,1106076024.0493531,05364.csv,discharge,B0005,72,05364.csv,1.61132566,-0.006367392099999958,3.529173923975293,0.002030110790987985,3158.462599999999,9.354153852779165,32.46022001866648,0.05316643325902474,0.049758573,0.074656178,0.00015912349999999486,-7.442560000000167e-05
3.525556939424901,0.22779895158764976,0.051892362344432404,3.5096779241021205,3.5329087301360484,2.6667596238241567,4.198510853141954,-0.44365724273696927,1.2824737432118534,1.5317512293177975,4181.283771982955,-1.8444180038305806,0.5567175936954798,0.30993447913008537,-2.012341547191056,1.926606408165526,-2.0200094988659028,0.0018183081167425,3.009196928347251,7.05537752508576,2.021827806982645,1243.4571044147972,32.50480154634882,3.8641045055376444,14.931303629716323,32.50318343385791,32.733674208637765,23.99346277596251,39.6502371632164,-0.16904266920131136,-0.682816543207037,15.656774387253893,358950.2981110745,2.3558567164179105,0.7327834139147945,0.5369715317086211,2.532,2.467191196482348,0.0,4.213,-2.5622705993325616,5.784954630000282,4.213,2039.1558539999999,1.8312077611940298,0.5528299646819189,0.3056209698502117,1.9982,1.9128363323890163,0.0006,1.9982,-3.0092341908487645,7.055490678020748,1.9976,1225.7458495600001,1565.6554298507463,906.783833082961,822256.9199406272,1565.25,1809.2909785221814,0.0,3140.547,0.0029010058751089856,-1.1967953690136155,3140.547,1096633838.0621872,05368.csv,discharge,B0005,73,05368.csv,1.60656314,-0.006877103400000049,3.5280264732182025,0.00214995457531353,3153.0533999999984,10.503666897873632,32.48687253980702,0.021668370369353238,0.049686755,0.073554258,0.00020955389999999818,-0.00010653409999999443
3.5226805646793737,0.23050584047552053,0.05313294249332612,3.5082548275294325,3.5302140591277347,2.6403185448373043,4.198732430468704,-0.48093788039318675,1.3528950513448983,1.5584138856313996,4162.445375289881,-1.8438790389835118,0.557421835420678,0.31071910260375746,-2.0121738610472706,1.926294113837894,-2.0160906793454063,0.002394554712978,3.00330969617885,7.019971117064305,2.0184852340583843,1239.3434103441768,32.51218336210202,3.885789404543481,15.09935929646238,32.50105751762265,32.74357076232533,23.977316018708777,39.69929058154853,-0.15901395218418196,-0.6849397949960467,15.721974562839755,358095.2363733136,2.355110778443114,0.7343884597975551,0.5393264098838252,2.5309999999999997,2.466956259973564,0.0,4.213,-2.5506014212720984,5.725043747176397,4.213,2032.6816450000001,1.8306784431137724,0.5535637887524214,0.3064328682179354,1.9982,1.9125418767439843,0.0006,1.9982,-3.0033437851939806,7.0200742840123365,1.9976,1221.7106877200001,1561.2765538922154,904.183714251595,817548.18911781,1560.7105000000001,1804.19862178513,0.0,3131.625,0.002808356711297568,-1.1966856831036168,3131.625,1087214310.728355,05372.csv,discharge,B0005,74,05372.csv,1.601514223,-0.006803968400000139,3.526379890720392,0.0025088341610243485,3145.834599999999,10.305935294844144,32.498210516269026,0.014927465159965753,0.049950057,0.074622943,-6.639690000000622e-05,0.00017536080000000103
3.5246734587890085,0.22554614793423194,0.05087106484797044,3.509635868339398,3.531882508796073,2.69892986372897,4.198799630396931,-0.3930511090651686,1.1674625594850383,1.4998697666679615,4153.9066206279,-1.83711254029409,0.5670761474198778,0.32157535697257095,-2.012207916413028,1.9226434517815243,-2.017218805788003,0.0034591794789042,2.928814268715843,6.578059719915432,2.0206779852669072,1230.9537616118987,32.45692821941515,3.8707779902612707,14.98292224989108,32.47788663635447,32.686925699584506,23.92726467831658,39.56076309770468,-0.1803592513460371,-0.6898679645390948,15.6334984193881,355788.89219282265,2.3478648648648646,0.7458205045329195,0.5562482249817385,2.532,2.463476740025903,0.0,4.214,-2.5066434826293666,5.426255849921661,4.214,2020.8829770000002,1.8241735735735738,0.5632211217402244,0.31721803197431675,1.9982,1.9091430691539328,0.0006,1.9982,-2.9288483374127985,6.578152928797918,1.9976,1213.72747708,1556.3934474474477,901.243092551283,812239.1118714004,1555.703,1798.4992841613116,0.0,3121.907,0.00291276393638937,-1.1964158798039124,3121.907,1077121691.817874,05376.csv,discharge,B0005,75,05376.csv,1.590369231,-0.0073323947000002235,3.525570044609996,0.002197779921719434,3138.4004,11.679629266445195,32.48956177076085,0.023546197640354604,0.050282564,0.073603911,3.472319999999854e-05,-2.631290000000993e-05
3.5213155754526824,0.2283826127026775,0.0521586177849012,3.507553024559005,3.528713929990721,2.6682466504353,4.198753541225669,-0.43720115351922834,1.2581788636977178,1.5305068907903685,4146.456725903616,-1.8315957075983758,0.5758422473114834,0.33159429378873956,-2.012615976905946,1.9199836275035091,-2.017576881832417,0.0029115539788594,2.8633688484756297,6.198958374645695,2.0204884358112762,1227.5502642505508,32.447059186431154,3.9026769053503743,15.230887027555175,32.464247786072846,32.68092007387983,23.8787540270112,39.63708096307912,-0.17342125846648795,-0.6976184372513226,15.75832693606792,355658.1647794821,2.3376366366366366,0.7564458403669807,0.5722103094085076,2.53,2.4569809430181495,0.0,4.214,-2.4535846751646,5.107452020949951,4.214,2010.239533,1.8181603603603604,0.5719001322884809,0.32706976131158194,1.9982,1.9059844850620633,0.0006,1.9982,-2.8633911935860707,6.1990094793255555,1.9976,1209.7146934800003,1556.258093093093,901.4221493217537,812561.8912878502,1555.671,1798.4718912470112,0.0,3122.125,0.0031758993175642425,-1.1966101141472147,3122.125,1077088880.8206651,05380.csv,discharge,B0005,76,05380.csv,1.585788997,-0.006726723499999885,3.5245821725365944,0.00283164801889469,3133.0596,11.823358059436345,32.47877301130819,0.02877184110354203,0.049920078,0.074642063,9.188190000000041e-05,2.1422999999976844e-06
3.51803386486462,0.23117872316851207,0.05344360204582354,3.506004434106812,3.5256213461431334,2.6479207279724903,4.200309982421394,-0.458758282244001,1.2866049222401719,1.5523892544489035,4139.19195683458,-1.8311195242792309,0.5758733468618624,0.33163011162588296,-2.0121066715348137,1.919538700787895,-2.0163186530776205,0.0016912873756319,2.863363332445609,6.198931624451864,2.0180099404532523,1226.9813983328859,32.32889654966259,3.8494187253951466,14.818024523422796,32.33891816901771,32.55726611130316,23.90454749592773,39.43977047692484,-0.15871753693990057,-0.6946061294821773,15.535222980997112,352971.86702185555,2.3432042042042043,0.7589883343200846,0.5760632916339765,2.538,2.4630609481363295,0.0,4.215,-2.446075353529509,5.075324577894621,4.215,2020.200855,1.8181885885885887,0.5719132082997713,0.3270847178277376,1.9982,1.9060153361139311,0.0006,1.9982,-2.8633912187756936,6.199009551774967,1.9976,1209.75385568,1556.0419279279279,901.1369471855484,812047.7975828898,1555.438,1798.1418962508362,0.0,3121.672,0.003140528089547255,-1.196190098570375,3121.672,1076693654.9245002,05384.csv,discharge,B0005,77,05384.csv,1.584943071,-0.005896536400000031,3.5224520806421173,0.0029765394584273636,3127.5752,8.38673680293335,32.44997377279195,0.07347222410120582,0.050079964,0.075477109,7.564389999999816e-05,0.0003864821999999986
3.5236841955396794,0.22917796003491903,0.052522537365766946,3.5079850021288244,3.5311291178972604,2.6741633856529066,4.201124089732316,-0.4148714227550285,1.181607912525493,1.5269607040794093,4152.134658138208,-1.8432799764914718,0.5581982237984048,0.31158525705169404,-2.012337238148953,1.9259455674515036,-2.016322017667326,0.0031344620126884,2.9974139067720924,6.984574458283067,2.0194564796800143,1235.1856874857694,32.84488475360107,3.7930289092436635,14.387068306358177,32.853249854358346,33.063174723303476,24.47294963967077,39.83902225625452,-0.17737306104960107,-0.6705325102999433,15.366072616583754,364026.7830869701,2.362888888888889,0.7361443602893746,0.5419085191858525,2.544,2.4749045275364505,0.0,4.216,-2.5678730639859935,5.7765290546849535,4.216,2039.675756,1.830189189189189,0.5543331081922506,0.30728519483808137,1.9982,1.9122964370261906,0.0006,1.9982,-2.997442198699928,6.984660063115987,1.9976,1217.7402618,1556.3573633633634,901.2040897580223,812168.8113965855,1555.875,1798.4485129944494,0.0,3120.86,0.0023422668101484457,-1.1972027215186674,3120.86,1077060878.9460182,05386.csv,discharge,B0005,78,05386.csv,1.595526389,-0.0017401827999998947,3.5220775318650723,0.0025795190306596464,3123.6378000000004,4.490549487724715,32.5179904142424,0.19455715824464728,0.050079964,0.075477109,5.721400000003678e-06,0.00035815300000000336
3.519146638240668,0.2271997059045421,0.051619706363110425,3.505519544598086,3.526473134422507,2.6892528956736257,4.198150316653697,-0.3994161563127757,1.1619723675979419,1.5088974209800714,4116.320226143025,-1.829798505957538,0.577259511293026,0.33322854337826324,-2.0119251925962414,1.9186951596808444,-2.016058383461316,0.0022149158304022,2.8518182666867005,6.132946473312531,2.0182732992917183,1218.540459324074,32.31731555011648,3.8641211593237994,14.931432333933902,32.32982784387815,32.54750860971904,23.81400684876703,39.41794949618613,-0.17749646072124534,-0.6966496239961093,15.603942647419103,350641.6448276122,2.3335438066465257,0.757136891354636,0.573256272250162,2.528,2.4533004238756653,0.0,4.213,-2.4478859978235765,5.071010830166603,4.213,1992.1840630000002,1.817032628398792,0.5734430637248821,0.3288369473341791,1.998,1.9053725410008406,0.0006,1.9982,-2.851841579852741,6.1330007169090095,1.9976,1201.6771361200001,1547.1489577039276,896.1375494784373,803062.5075852186,1546.485,1787.9408281343003,0.0,3103.828,0.00303462869578096,-1.1967236316648722,3103.828,1058118426.025067,05390.csv,discharge,B0005,79,05390.csv,1.574730175,-0.0021540720000000502,3.5213707465773316,0.0028436084191464954,3118.0784000000003,7.980574998190378,32.47901685184529,0.21450637385909987,0.054873202,0.079344036,0.0009341162000000025,0.0012315295999999996
3.516233648608237,0.2273324183483178,0.05168002843209458,3.505006559872568,3.5235747615222937,2.688809122993162,4.198524048997099,-0.40196139595181574,1.1675686401266336,1.5097149260039369,4097.1411030121735,-1.8236746835609148,0.5868747718090098,0.34442199778587734,-2.012493310633894,1.9157795669770779,-2.0176016183677974,0.0026959062866318,2.783642360774424,5.748752149860891,2.020297524654429,1211.1697452514704,32.06376130177751,3.9437990410302612,15.55355087603121,32.09093357876393,32.305391805291514,23.405971076202263,39.262781682151214,-0.18230564872713093,-0.707056817924919,15.85681060594895,344400.6520988207,2.3186606060606056,0.7673135821139896,0.5887701332966023,2.5164999999999997,2.4423261738338597,0.0,4.213,-2.3890700377197507,4.744417698344634,4.213,1968.435856,1.810447272727273,0.5827545030767229,0.3396028108561983,1.998,1.9019259023899484,0.0006,1.9982,-2.783673737074546,5.748839788632077,1.9976,1193.7163056000004,1542.7372333333333,893.6690960123905,798644.4531676032,1542.1335,1782.8860379397756,0.0,3095.094,0.0030782175447436762,-1.1968298804799593,3095.094,1048965266.012595,05394.csv,discharge,B0005,80,05394.csv,1.564901995,-0.005198690000000163,3.5196827845411773,0.002897422293142799,3112.7158,12.495953152992222,32.40038346831776,0.28508119758204364,0.0552405,0.080023594,0.0015434082000000116,0.0014629989000000065
3.514773138461639,0.2284721001606275,0.052199500551807804,3.5050010771233664,3.522191039027169,2.6743555987897745,4.198840869468569,-0.4213343587164459,1.2170235429719636,1.5244852706787944,4093.923806083085,-1.8176720770210877,0.5952075610841622,0.3542720407717566,-2.01256953747827,1.9126431502906944,-2.018404141903304,0.0025925671672866,2.7239077327856296,5.4197865088897945,2.0209967090705905,1207.2072607167909,32.21997626855924,3.9798848350523506,15.839483300279674,32.25254578002276,32.46484797510687,23.504268200620626,39.47237839941986,-0.18124943375627597,-0.7175939124499666,15.968110198799234,347808.8968354442,2.3113333333333332,0.7775377245711702,0.6045649131313129,2.521,2.438611631832566,0.0,4.213,-2.349215981565325,4.494894926140852,4.213,1962.452808,1.804478787878788,0.5910996044648742,0.34939874239853075,1.9982,1.8988265951115784,0.0006,1.9982,-2.7239460954987447,5.419882473049897,1.9976,1189.82900464,1542.6902606060607,893.6351798099606,798583.8345939806,1541.9215,1782.8283918433585,0.0,3095.781,0.0035325529759767057,-1.1959343107337328,3095.781,1048897434.6717161,05398.csv,discharge,B0005,81,05398.csv,1.559765947,-0.008097864199999905,3.5183742971429686,0.003408010632630609,3107.447,13.077160624608446,32.35496688474338,0.29374306868618894,0.055080368,0.080450082,0.0015161343999999938,0.0014492430999999957
3.5132992979150073,0.23142170628498093,0.05355600613985199,3.5027156682879537,3.520912944517364,2.6430294964336345,4.198119631667182,-0.4630335039883071,1.293652191571499,1.5550901352335473,4090.953227747078,-1.8179238657973993,0.5952405875017754,0.3543113570094588,-2.01275829959709,1.9128927149333859,-2.016777852675889,0.0015197601976623,2.7239230189981978,5.419828324406799,2.018297612873551,1207.5223178189226,32.7120225448885,3.9976006239496304,15.980810748602476,32.723882113855566,32.95538240903746,23.98624197921992,40.03754146951368,-0.16941229834563942,-0.7204378900224975,16.051299490293758,358398.88580954564,2.3101333333333334,0.7770955366821464,0.6038774731313131,2.52,2.43733327448445,0.0,4.213,-2.350583186992679,4.496496628230873,4.213,1960.395852,1.804507272727273,0.5910884554696798,0.34938556218953165,1.9982,1.8988501940688085,0.0006,1.9984,-2.7239461423596865,5.419882632696124,1.9978,1189.85857964,1542.4159666666667,893.294112884201,797974.3721135716,1541.8045,1782.4200925544574,0.0,3094.328,0.0031548978556025617,-1.1963266176004035,3094.328,1048417057.4928073,05402.csv,discharge,B0005,82,05402.csv,1.559481567,-0.0087053872000001,3.5174273837530463,0.004111406209440202,3101.9782,11.22794714993993,32.431592083788566,0.3326379180248347,0.054845785,0.080995279,0.0009738807999999983,0.0012142386000000074
3.514484830704665,0.23060759962593796,0.0531798650052369,3.5041020524575,3.5220425168158367,2.6584858447131823,4.198320288264955,-0.43712744251639973,1.227072967123691,1.5398344435517726,4081.1737682950243,-1.817160673909645,0.5961269317003768,0.3553673186985057,-2.0126227556081173,1.9124435242647722,-2.019500858990014,0.0053758117379334,2.7182492450846185,5.388970804174582,2.0248766707279473,1203.2978368222443,32.945022147355694,3.9422119635924115,15.541035165891136,32.97360210602475,33.18004700803855,24.332016492731967,40.14273016201157,-0.17364543554716433,-0.7234237926860141,15.8107136692796,362201.2059009082,2.3122826747720366,0.7795017789834982,0.6076230234384383,2.523,2.44013815008277,0.0,4.213,-2.3411762298091654,4.454862067050154,4.213,1958.9562090000002,1.8038966565349546,0.5918987005829116,0.3503440717517392,1.9982,1.8985223778532943,0.0006,1.9982,-2.7182703997224738,5.3889940817130295,1.9976,1185.84339512,1538.2373343465044,890.9769236277542,793839.8784371769,1537.688,1777.6428142949912,0.0,3086.531,0.003384695552619161,-1.1962628757428546,3086.531,1039644597.845609,05406.csv,discharge,B0005,83,05406.csv,1.554689354,-0.004550206999999981,3.5155875107860433,0.002247215282952926,3095.1123999999995,6.137278656040466,32.451619562539484,0.3651664133514294,0.058089493,0.079006114,0.0006037866999999977,2.9584099999994027e-05
3.5109677353595243,0.2329526759800367,0.05426694924625996,3.50174215259016,3.51868745244329,2.629782173759164,4.1980467610750285,-0.47653478717890996,1.3133144851723548,1.5682645873158645,4073.4020966460284,-1.8110297241968543,0.6042377451924879,0.36510325271530186,-2.012476783328941,1.909170478150088,-2.025028692484549,0.0012996959200754,2.6610124242393614,5.081086495897559,2.0263283884046244,1199.182599916506,32.857549597381336,3.968850384263857,15.751773372671364,32.887898227224774,33.09637954394778,24.210935532035016,40.1165626728546,-0.16942004199689803,-0.7238602999366557,15.905627140819583,360376.841503708,2.3022006079027353,0.7895092715400212,0.6233248898476548,2.522,2.43381439901965,0.0,4.213,-2.292947877198227,4.189176023966178,4.213,1948.8158820000003,1.797808510638298,0.6000603608345533,0.36007243664489424,1.9982,1.895306803018548,0.0006,1.9982,-2.661049256565942,5.081183327405196,1.9976,1181.8298117200002,1537.6691367781154,890.6607632495802,793276.5951923248,1537.0,1776.9926756720974,0.0,3085.625,0.003529091659692477,-1.1960725646201493,3085.625,1038884276.9300601,05410.csv,discharge,B0005,84,05410.csv,1.548874108,-0.0037132366999999013,3.513951730209814,0.001968244928681714,3091.4718000000003,4.9609472585297585,32.559666371992456,0.39425787818023916,0.056399994,0.08181492,0.0005328113000000033,0.00021386840000000082
3.5109358749578012,0.2307329830817022,0.05323770948178108,3.5024672678651174,3.5185094042147282,2.6622967647315545,4.199047008209673,-0.43010652061116955,1.2020685891994622,1.5367502434781186,4048.2300558080265,-1.8094435644526072,0.6059726915778632,0.36720290293812,-2.012211003027612,1.9082161606791503,-2.017188769565156,0.0036542472558787,2.649759565014422,5.021292496548449,2.0208430168210345,1190.701475491804,32.629663328789654,3.951047957236267,15.610779960380878,32.67835607007008,32.86800433416275,24.000424305912805,39.87503330866132,-0.17535018420748227,-0.7240305793775268,15.874609002748517,353259.96681374696,2.3006697247706422,0.7911956313099179,0.6259905270038996,2.52,2.432914242113791,0.0,4.213,-2.286385468252665,4.153284112950913,4.213,1935.5364490000002,1.7965100917431192,0.6016730694976361,0.36201048255870727,1.998,1.8945867602972366,0.0006,1.9982,-2.649780216963298,5.021335484076525,1.9976,1173.75309048,1528.1987584097858,885.266024264843,783695.9337176817,1527.546,1766.093819400004,0.0,3067.203,0.003907075081915808,-1.1958432747803873,3067.203,1019941572.907786,05414.csv,discharge,B0005,85,05414.csv,1.538236599,-0.005366615499999944,3.5128921754797275,0.0018554583389903242,3085.8936000000003,11.387676839546735,32.67284677739489,0.2813742225619726,0.057159148,0.080866966,0.0005711768999999982,0.00016534089999999452
3.509393098217416,0.22885701365943192,0.052375532701113406,3.502726087080243,3.5168473737876575,2.682380966742509,4.197669918520713,-0.4055259417645864,1.1462525231124054,1.5152889517782042,4032.038236868589,-1.8026537331443495,0.6147018605615803,0.3778583773778685,-2.0123423430143053,1.9045783940276984,-2.0203529496154493,0.0013741929346254,2.589316148451536,4.704619132143257,2.0217271425500747,1182.5385480330633,32.379859014262976,3.988147604013235,15.905321311396508,32.41734671807707,32.6245397070203,23.66809609847637,39.61961987024145,-0.1864155232372812,-0.7290175033131057,15.951523771765082,346981.55269695166,2.2894785276073617,0.8008381218396743,0.641341697391697,2.517,2.4255006958908236,0.0,4.213,-2.244798048029436,3.9158994269429312,4.213,1917.875482,1.7897656441717793,0.6105061191495655,0.3727177215190635,1.998,1.8910258545500345,0.0006,1.9982,-2.5893383494972,4.704673359755289,1.9976,1165.7690831200002,1523.988064417178,882.7245047893865,779202.5513556676,1523.2269999999999,1761.1763602324681,0.0,3058.157,0.0036750802344197764,-1.1956565395484575,3058.157,1011167948.0203891,05418.csv,discharge,B0005,86,05418.csv,1.527914258,-0.007958737299999977,3.511816167430883,0.002042514132957669,3078.3687999999997,15.05956474145236,32.70482332653563,0.21927348539361147,0.056998794,0.082501008,0.00033756729999999977,0.0004872309999999871
3.5066782411556563,0.23244290877833024,0.054029705841331155,3.500362973000821,3.5143736273816786,2.640189476892272,4.197600624105256,-0.4617637065172329,1.2686336394540474,1.5574111472129841,4026.367969664489,-1.8031542757366412,0.6147768190719082,0.3779505372681737,-2.0127589874383136,1.9050763447629875,-2.016749317444538,0.0020536118932937,2.589314281284521,4.7046229463369045,2.018802929337832,1183.1569766764146,32.68215852457039,4.061372918664878,16.49474998446447,32.7351264686185,32.933542715742156,23.845674209557423,40.067324667444815,-0.17948095050039414,-0.7410682314175996,16.221650457887392,353585.54487393395,2.2886687116564417,0.800990257940456,0.6415853933155181,2.517,2.4247865607163606,0.0,4.212,-2.2415536921908035,3.9014778822889724,4.212,1916.7462960000003,1.7898723926380373,0.6105164440878209,0.3727303285016373,1.9982,1.8911302203786624,0.0006,1.9982,-2.5893384699718864,4.704673745126556,1.9976,1165.8977644000001,1524.1397116564417,882.8212260151081,779373.3171028186,1523.3745,1761.3560621722686,0.0,3058.812,0.00392189616978834,-1.195542997657634,3058.812,1011374307.9468261,05422.csv,discharge,B0005,87,05422.csv,1.528525263,-0.007328803199999964,3.5104919560790124,0.0028336543450084455,3071.2655999999997,13.98800442529383,32.69885052247201,0.2194350348895822,0.057915947,0.081750571,2.5170800000006268e-05,0.0006175002000000005
3.5109885623008092,0.2279824823099926,0.05197601224022609,3.5037798409567804,3.5183826819786583,2.693769409137257,4.197985718630326,-0.3853346100707247,1.1105581389988846,1.504216309493069,4035.559443172231,-1.7965666438696486,0.6225281437334834,0.3875412897402566,-2.0122524874970793,1.9013660866874924,-2.016964364118414,0.0022338210190657,2.5366242179123106,4.434531638311007,2.0191981851374794,1178.5529165673308,32.99387423636739,4.008265788698764,16.066194632852923,33.05482456830366,33.2364548614632,24.23969113753901,40.24716716520102,-0.19173339696473254,-0.7366259616789832,16.007476027662012,360119.7897531343,2.2833895705521474,0.8107762082666381,0.6573580598912269,2.5175,2.4230612849859052,0.0,4.213,-2.2093591943793407,3.7112445570447203,4.213,1914.0196730000002,1.7837294478527612,0.6183874383076927,0.38240302385675046,1.9982,1.8878807607986965,0.0006,1.9982,-2.5366435633405913,4.434560630794143,1.9976,1161.8945680400002,1523.8669601226995,882.8286361173831,779386.4007488787,1523.0700000000002,1761.1237642205829,0.0,3058.578,0.004048530954557219,-1.1956789798555516,3058.578,1011107553.606207,05426.csv,discharge,B0005,88,05426.csv,1.522647325,-0.006216490199999919,3.5097927023982414,0.0018693032927355802,3065.675,11.772062117661287,32.70862094027435,0.23375636659274024,0.058583189,0.082694165,0.0005123188999999954,0.0002642094999999969
3.510305462695178,0.2281087434098021,0.05203359881999894,3.5032977852808536,3.5177092034799586,2.695787450704935,4.198164128530042,-0.38056547359474113,1.0913358872209455,1.502376677825107,4021.6403630804716,-1.7959771394311954,0.6233048468787379,0.3885089321425269,-2.012318725314364,1.9010636016456648,-2.017715447411052,0.0029663849324865,2.531064118205981,4.406362029270355,2.0206818323435387,1174.5639156881457,33.045397072111655,4.01550117256657,16.124249666883504,33.1053751369695,33.28847424140086,24.30453859448875,40.30253125568348,-0.1881575110339013,-0.7465130657834669,15.997992661194733,360139.81812913285,2.281246153846154,0.8115222814282046,0.658568413254438,2.516,2.421291479292055,0.0,4.213,-2.20282416174441,3.683499160146132,4.213,1905.362039,1.7830596923076925,0.619216061414553,0.3834285307137515,1.9982,1.8875196414994344,0.0006,1.9982,-2.531087467793591,4.406403887033935,1.9976,1157.8873790399998,1519.025975384615,880.2302279384583,774805.2541765902,1517.984,1755.6324125709723,0.0,3049.328,0.004321521074862017,-1.1958781369232474,3049.328,1001729679.6226761,05430.csv,discharge,B0005,89,05430.csv,1.517485994,-0.004676814299999837,3.509660247865372,0.0017868742853481149,3058.4156,6.325607741721084,32.74619043522041,0.27511326713085554,0.056844112,0.082272626,9.543230000000694e-05,0.00030044770000000855
3.5222215314850214,0.2345502488144419,0.055013819218916606,3.5058489169704607,3.5300224271349334,2.6920548172137724,4.222920057935785,-0.31784889977244246,0.9346854705328833,1.530865240722013,4224.29877592963,-1.822916991757235,0.5880606956486942,0.3458153817668262,-2.012554386576157,1.9154220789695606,-2.017087516284557,0.0015450426899526,2.7744982532134133,5.69791373250486,2.0186325589745095,1243.737350064781,32.856295641052824,3.9810906805855084,15.849083007044788,32.83855705501183,33.09660475425405,24.112523495131093,40.09418103142496,-0.19155957301451823,-0.6916768457366751,15.981657536293866,371335.59848190675,2.3254896755162244,0.7719565700598686,0.5959169460585969,2.524,2.4502692050040444,0.0,4.238,-2.379507245931136,4.695200074898626,4.238,2035.2947010000003,1.8096383480825962,0.5840366098090695,0.3410987615972712,1.9982,1.9015492926685802,0.0006,1.9982,-2.774524201183814,5.697984589028547,1.9976,1225.7866125199998,1584.5456371681416,917.5539635277105,841905.2759854111,1584.0,1831.0352678891804,0.0,3177.219,0.002384226383229223,-1.1974190442778412,3177.219,1136561961.614107,05433.csv,discharge,B0005,90,05433.csv,1.605818899,0.014477001299999822,3.5119173791708165,0.0059886787334688454,3080.4188,54.259512195577116,32.79151689767305,0.26973199097973877,0.056672035,0.082915733,-0.000172535299999994,0.00013515049999999858
3.5163492154331264,0.23425140695875749,0.05487372166215741,3.501673806947594,3.524143232977247,2.629071246219689,4.200423045909808,-0.467299706132001,1.2809360113168653,1.5713517996901194,4086.0436382314365,-1.8294275689587538,0.5790386830763732,0.33528579649882057,-2.0127202279577823,1.9188775434000882,-2.0177115857667665,0.0029495288044011,2.840218021358711,6.066924327627888,2.0206611145711677,1211.4079477399368,33.33950238056361,3.9283338338688516,15.43180671031875,33.34976120837006,33.57013889893703,24.719311536144843,40.52238496316615,-0.17185583873339927,-0.7066334369540943,15.803073427021303,370767.9402533014,2.3357933130699085,0.7609809138220786,0.5790919512014857,2.532,2.4566282487555147,0.0,4.215,-2.4330160448477463,4.989150600458305,4.215,1985.522354,1.8160474164133742,0.5750456583968315,0.33067750924104544,1.9982,1.9049161997061013,0.0006,1.9982,-2.840246661656685,6.067001136238449,1.9976,1193.84418448,1537.6503404255318,890.2497549690409,792544.6262224372,1537.172,1776.7704397679493,0.0,3082.937,0.0022018604486206002,-1.197255290874084,3082.937,1038624441.36332,05436.csv,discharge,B0005,91,05436.csv,1.563849145,0.015381933800000126,3.5133086026139586,0.006063183092883204,3085.3748,52.83067898202664,32.98344557093317,0.24375406982230688,0.058223362,0.076150921,-0.00012963239999999493,-0.001097773199999989
3.5134397623234963,0.23338016528628602,0.054466301549054186,3.500531019876578,3.5211823674761353,2.631343871050918,4.198372063670128,-0.4613985326411401,1.2821788684090842,1.56702819261921,4066.7818869281477,-1.816317296828028,0.5967165768532283,0.3560706730914347,-2.012340093490632,1.91182614163739,-2.0160877086861952,0.0016903309192767,2.7125567544191007,5.358041575899401,2.017778039605472,1198.8659762381799,33.35156485472646,3.951653441190732,15.615564919274552,33.365356625234384,33.58485437184893,24.73538913848975,40.56886357314186,-0.1688983149665547,-0.7297220346755524,15.83347443465211,369965.1213624823,2.309405487804878,0.7799427376380104,0.6083106739942743,2.521,2.437552949393625,0.0,4.213,-2.335685969012854,4.4251168338706455,4.213,1948.865917,1.8032719512195123,0.592700507757664,0.3512938918961928,1.9982,1.8981790278978483,0.0006,1.9982,-2.712583203623351,5.358107874967168,1.9976,1181.8114280000002,1532.9483170731705,887.7678355595673,788131.7298541189,1532.4295,1771.457668890675,0.0,3074.266,0.0026564867586391402,-1.1970865047194665,3074.266,1029284425.4362798,05440.csv,discharge,B0005,92,05440.csv,1.548091525,0.009725155099999865,3.5146609068475256,0.004846664651395324,3088.4656000000004,51.31856495754662,33.11732683696439,0.21953424678374173,0.058693616,0.08099674,0.0001600103999999976,-0.0009516555000000009
3.515137522009075,0.22724285807568526,0.051639316546406036,3.5038737154110824,3.5224751404633796,2.6983970036642315,4.198353213898968,-0.3679947076108423,1.1015136637194702,1.4999562102347364,4057.3607746646794,-1.8033689952639713,0.6138243789661205,0.3767803682131435,-2.012191523399657,1.9049724673318849,-2.0174325692631547,0.0017335297510131,2.594907934631868,4.733627472278046,2.0191660990141678,1186.656873122657,33.147486361012966,3.9517570424024644,15.616383722177472,33.194967539721446,33.38221436297655,24.49414087755308,40.27804845768325,-0.19313271918524091,-0.7330927069352406,15.783907580130169,364399.7210986597,2.293556574923547,0.8002926580585363,0.6404683385423974,2.519,2.429170661134666,0.0,4.213,-2.2559724544247213,3.9602934447356413,4.213,1929.584523,1.7904269113149847,0.6096826573223939,0.37171294263969556,1.9982,1.8913861232970415,0.0006,1.9982,-2.5949349639710655,4.733687744277714,1.9976,1169.79065984,1528.317883792049,885.2304309433168,783632.9158680903,1527.672,1766.1790593783794,0.0,3066.0,0.003189999191004422,-1.1966359839870326,3066.0,1020040029.62025,05444.csv,discharge,B0005,93,05444.csv,1.532375563,-0.0027948236000000827,3.515490698789179,0.004394852306465825,3089.95,50.33586636288208,33.148049261893505,0.2084051687054979,0.056873551,0.080792348,0.0002080458999999952,-0.0004879549000000083
3.50830390643132,0.2331667808997218,0.054366747715138865,3.5002781932785467,3.516043664062834,2.6338485871981514,4.197873789078739,-0.45877859024171286,1.2767284737896576,1.5640252018805874,4030.195553516426,-1.802670753119494,0.6146945270651876,0.37784936160389465,-2.0122639160394735,1.904592136326384,-2.017976023705107,0.0032014025687714,2.589316991288469,4.704637046873447,2.0211774262738786,1182.5556130765535,33.007275861749356,4.008284181289492,16.066342077975573,33.040111856064186,33.249760929841244,24.254986942423244,40.2921849196155,-0.17923092565122786,-0.735685118787266,16.037197977192257,360408.1922166607,2.286064417177914,0.8005417828927955,0.6408671461571758,2.5125,2.422180353657459,0.0,4.213,-2.236404516666596,3.887938533111069,4.213,1912.628199,1.7898012269938652,0.610512239114765,0.372725194108924,1.9982,1.8910615077933528,0.0006,1.9982,-2.589338359209736,4.704673400671051,1.9976,1165.8130421600001,1523.5166963190186,882.4078821874233,778643.6705464936,1523.031,1760.609779170078,0.0,3056.437,0.002869928252488771,-1.1965041781002386,3056.437,1010517455.0100352,05448.csv,discharge,B0005,94,05448.csv,1.526952827,-0.018920572599999942,3.515090387536408,0.005030431709395516,3091.3718,48.98383528983735,33.140425019821045,0.21372873587675714,0.058401227,0.081616634,0.00021085729999999853,0.00020432289999998993
3.509190808443004,0.22983512055913677,0.05282418264243294,3.501347955039761,3.516709301705686,2.671566207861818,4.197955644238241,-0.40547693324926226,1.1661091269545096,1.526389436376423,4019.3544016285705,-1.7958941337499832,0.6233018675049735,0.3885052180351876,-2.0121699077143527,1.900984207633717,-2.016684455267326,0.0012207622759792,2.5310637723396328,4.406351325324898,2.0179052175433054,1174.4658112436568,32.91990812745461,4.0190435754293565,16.152711261199983,32.981783554549644,33.164334191737545,24.1488106351578,40.184384347174266,-0.1900470861006419,-0.7422126893303962,16.035573712016465,357458.74527390697,2.276516923076923,0.8102455452267313,0.6564978435597632,2.51,2.416407901124184,0.0,4.213,-2.19874600080022,3.6725982778022557,4.213,1897.6838220000002,1.7830572307692307,0.6192132215232928,0.3834250137092546,1.9982,1.8875163845401959,0.0006,1.9982,-2.5310874625851705,4.406403874923036,1.9976,1157.88338312,1519.0782246153847,879.9076998834552,774237.5603141926,1518.375,1755.5159392084201,0.0,3048.219,0.0035217733090969383,-1.1960524721105774,3048.219,1001596769.1648171,05452.csv,discharge,B0005,95,05452.csv,1.516957302,-0.011492238400000186,3.5124842429280045,0.003578157472621458,3065.5718,13.801149216717949,33.1531475171014,0.19352569365099628,0.057139262,0.082030427,-0.0002460589000000088,0.0012378905999999924
3.5068097579555353,0.23170359937392337,0.05368655796283158,3.5000530672567844,3.514456037063914,2.6540810507928123,4.197918434710392,-0.42980350629697833,1.2069612078380842,1.5438373839175794,4001.854000611417,-1.795344963527795,0.624318776563091,0.3897739347692348,-2.0125670581539543,1.900799166885827,-2.0185074328810417,0.0027177292470912,2.52549020378792,4.378192626419899,2.021225162128133,1170.6241411981687,32.99903328622305,4.044741656549234,16.359935068224637,33.04831954416217,33.24599423830609,24.20595238055968,40.320066232195046,-0.18118549501197026,-0.7508833238874852,16.114113851635366,358115.94705748814,2.2788734567901234,0.8127272897885631,0.6605256475670631,2.5145,2.41946065883073,0.0,4.213,-2.191856072527578,3.6391923832603705,4.213,1896.627921,1.7823969135802475,0.6200617594611278,0.3844765855460296,1.9982,1.8871712543079973,0.0006,1.9982,-2.5255197426882434,4.378250068830994,1.9976,1153.89857116,1514.6597808641973,877.3171137700829,769685.3181138686,1513.992,1750.394118443457,0.0,3039.218,0.00341825180710111,-1.196109706400649,3039.218,992696980.6415889,05456.csv,discharge,B0005,96,05456.csv,1.511897596,-0.008780611900000132,3.510576351432486,0.0035452207632103664,3056.828,13.897745230870703,33.08505369823329,0.17003528795178677,0.056846751,0.084309349,-0.000342801899999999,0.0007863297000000016
3.50609090727422,0.23141529776276365,0.05355304003862856,3.4997379063603082,3.5137197512194382,2.656849703962618,4.197739340034368,-0.42458664501204535,1.1971770126610206,1.54088963607175,4000.1773827955076,-1.7893518988259458,0.6320325499876801,0.3994651442439293,-2.012428555587304,1.897694749446271,-2.0206154364574687,0.0029660267437679,2.47484224190335,4.1249327416665285,2.0235814632012366,1166.8034973126064,33.03772281691292,4.042950285126565,16.345447008004978,33.0982916356858,33.284179063560714,24.228213693022468,40.33650561265159,-0.18904389539303587,-0.748327548847743,16.108291919629124,358939.05060299614,2.269527777777778,0.822131666841423,0.6759004776234566,2.5134999999999996,2.4138468906971697,0.0,4.213,-2.149759199196627,3.423842117433016,4.213,1887.836807,1.776225925925926,0.6277589287785398,0.3940812726611798,1.9982,1.883894851787804,0.0006,1.9982,-2.4748736934506623,4.12499993068022,1.9976,1149.89537928,1514.2951697530862,877.1451190180753,769383.5598172336,1513.5705,1749.992405970598,0.0,3039.047,0.003587478869913955,-1.1957741893629026,3039.047,992241388.3893429,05460.csv,discharge,B0005,97,05460.csv,1.506563896,-0.006667856499999784,3.509106580422631,0.0035844565243112795,3049.7842,11.582247351107858,33.02228529067058,0.08240243844515514,0.059714583,0.081280779,0.00041275880000000113,0.000366957700000002
3.5037157727265953,0.23345025331554514,0.05449902077309219,3.4988186059499067,3.511484477657023,2.6363048614501152,4.19785490446139,-0.44980174049738747,1.2441205426020243,1.5615500430112745,3982.7590054948673,-1.7883879159763685,0.632891398676009,0.40055152251807485,-2.0122180170167683,1.8970721811592655,-2.017421211930756,0.0019690360203288,2.4693210072845115,4.097614959065487,2.019390247951085,1162.4391639506644,33.07740307192613,4.058632380945664,16.47249680366067,33.14989339797423,33.325472101477104,24.25745983903501,40.43267631588412,-0.18281916697453737,-0.7524600637047385,16.175216476849112,358719.6303239842,2.2710340557275543,0.8241919405559358,0.6792923548773592,2.515,2.4159652392266953,0.0,4.213,-2.144536992150193,3.396462604002422,4.213,1885.3148360000002,1.775512074303406,0.6285968453649907,0.395133994002818,1.9982,1.8835012928055028,0.0006,1.9982,-2.469343512011264,4.097657592499475,1.9976,1145.86740976,1510.0479783281733,874.7499890292668,765187.5433067024,1509.328,1745.1167411264228,0.0,3030.375,0.0036259573923866947,-1.1959053381471367,3030.375,983674678.1715851,05464.csv,discharge,B0005,98,05464.csv,1.501545353,-0.006120835400000146,3.506822230566135,0.0021207660267516327,3042.6591999999996,9.956537611152958,33.008268632853216,0.058182849192523804,0.057876489,0.08276216,0.00015258450000000477,0.00015414039999998974
3.5067479961367156,0.2278216639829029,0.05190271057993872,3.5018395185470625,3.5141406088813247,2.69951692300468,4.197306756122815,-0.3665580072036109,1.072368461183066,1.4977898331181354,3976.437318514396,-1.7815447770741009,0.6414356710358949,0.41143972007726887,-2.0124272446966778,1.8934998053333083,-2.0224772834102507,0.0027223693578794,2.4150200309538934,3.8324296604088692,2.02519965276813,1154.479967120723,33.05467981523988,4.045827846714321,16.368722965249038,33.1555210453522,33.301360042095524,24.228985806758885,40.314538591575015,-0.20264465388076466,-0.752323158772612,16.08555278481613,357091.746970355,2.2619689440993787,0.8334291313890783,0.6946041170479534,2.513,2.410623907024489,0.0,4.212,-2.1118825316871526,3.213088870150961,4.212,1871.1766539999999,1.7686285714285717,0.6370297982858968,0.40580696390417037,1.9982,1.8798547783213575,0.0006,1.9982,-2.415062518787768,3.832527127339165,1.9976,1137.900984,1504.805940993789,871.8886379822662,760189.7970425712,1504.0005,1739.146548480827,0.0,3021.0,0.004539274203265166,-1.1955152854484934,3021.0,973931090.903873,05468.csv,discharge,B0005,99,05468.csv,1.490844405,-0.0062578036999999176,3.506511048507214,0.0019568194968472463,3035.5718,10.303731639671286,33.017749423551315,0.06173443337270738,0.057106053,0.083893392,9.633200000000028e-05,0.0002178740999999957
3.5058813026542324,0.22798452244418205,0.05197694247410174,3.5017556327496804,3.513286303558911,2.698216006032282,4.197528212001444,-0.36868106708405546,1.0749968662997276,1.499312205969162,3974.504169549433,-1.7753115642966961,0.6486068932660061,0.4206909019921802,-2.012306492041961,1.890085197105613,-2.0179249554704706,0.0006217348755526,2.3679896535182827,3.6074381736918806,2.018546690346023,1150.3199008463198,33.11570360624461,4.056672478286733,16.456591596089023,33.21265073154464,33.3632494960058,24.27409668200787,40.386661855917744,-0.20416279391827805,-0.753808413274478,16.112565173909875,358420.26625233947,2.252496894409938,0.8424221704967129,0.7096751133443927,2.51,2.4048736708340432,0.0,4.213,-2.0717652520723773,3.019613180023164,4.213,1862.260394,1.7624155279503109,0.6444383679371067,0.4153008100694417,1.9982,1.876541846916773,0.0006,1.9982,-2.3680132389898185,3.607486882342811,1.9976,1133.89379564,1505.2133354037267,872.2127794746639,760755.1326789185,1504.2185,1739.6615526464136,0.0,3021.75,0.004448766278176406,-1.1956677148918025,3021.75,974507986.317474,05472.csv,discharge,B0005,100,05472.csv,1.485868385,-0.006777791300000014,3.5058491473494597,0.001259113873491166,3030.278,8.883079955871636,33.05690851930932,0.043587526420130314,0.058324401,0.082335608,3.4676999999994105e-05,-0.000133486899999999
3.504168333530808,0.22887754440273086,0.05238493033182404,3.500300104789393,3.511635037991833,2.6911707598773864,4.19743662221161,-0.37809298592188473,1.0849492351680343,1.5062658623342235,3958.43738545666,-1.7742377662318363,0.6498057454815246,0.4222475068607999,-2.0119913165967023,1.8894885969447224,-2.018486701026112,0.0025745064118452,2.36252692549558,3.581598424666754,2.021061207437957,1146.0236577129074,33.12942148982365,4.070998143447877,16.573025883956063,33.22525279529389,33.37860982926558,24.26045465629052,40.43384612547835,-0.20199824406709796,-0.7567678492424377,16.173391469187827,357636.24171712465,2.250626168224299,0.8434800430307977,0.7114585829912364,2.509,2.4034926111988004,0.0,4.212,-2.0641910600252076,2.9895605080626,4.212,1854.345331,1.7616554517133955,0.6453012862776,0.416413750071525,1.9982,1.8761246442129194,0.0006,1.9982,-2.3625502378477705,3.581643839497734,1.9976,1129.8698214800002,1500.6224112149532,869.5214400019606,756067.5346230833,1499.718,1734.3399769548253,0.0,3012.265,0.004229279731220823,-1.195812196356617,3012.265,965547184.968036,05476.csv,discharge,B0005,101,05476.csv,1.480413678,-0.006797740400000275,3.5053208624645142,0.0013084732270697427,3024.8873999999996,10.184401862773054,33.08298616002944,0.03907640399936756,0.058539887,0.082599574,-0.00019014800000000733,0.0002211037999999876
3.5030568931470634,0.22926505227297364,0.05256246419372934,3.4992307941234815,3.510551247428085,2.690162319231471,4.197717228550219,-0.3762115357262982,1.076204864738295,1.5075549093187477,3943.6704194620434,-1.773860289771637,0.6507355272479427,0.423456726422658,-2.0125728839250483,1.8894541682854795,-2.017202918759472,0.002304044135428,2.3570565675063273,3.5557705390554144,2.0195069628949,1142.4118572964394,33.130681310493344,4.079963844026956,16.646104968567215,33.24335810706034,33.38095488547385,24.24695415512884,40.44479269068758,-0.2024866641452846,-0.7581423901848487,16.197838535558738,356572.20770113287,2.24684375,0.8436820050148857,0.7117993255859375,2.5054999999999996,2.4000221170855904,0.0,4.213,-2.0575619606967486,2.964445091383766,4.213,1843.2339720000002,1.760918125,0.6461641031282103,0.41752804817148437,1.9982,1.8757293757695965,0.0006,1.9982,-2.357075308137735,3.5558042284918434,1.9976,1125.87542116,1495.9097625,866.5855198307211,750970.463180281,1495.336,1728.7904675590642,0.0,3002.641,0.0038853293927320603,-1.1954456708862635,3002.641,956389273.831388,05480.csv,discharge,B0005,102,05480.csv,1.475209587,-0.006310225899999951,3.5047140596390833,0.0015443403495088931,3017.6062,10.538226117450376,33.10157785874552,0.03393251479050026,0.057610002,0.083617694,9.008600000000381e-05,4.172500000000461e-05
3.4982324882487936,0.23319573629206394,0.054380251424797826,3.4938454210394947,3.505996405198406,2.6355034454892072,4.192454851360723,-0.4456372614716887,1.2098139732664368,1.5569514058715157,3945.7354646377908,-1.7809702419814517,0.6422230325919555,0.41245042359160783,-2.012413391727179,1.8932261952590554,-2.017032616337778,0.0013818757062667,2.409534636419109,3.8059178951817287,2.018414492044045,1150.5620418792403,33.20069210329718,4.099626855712485,16.806940356079036,33.27894816388929,33.452845865397144,24.337824191545764,40.58499656066617,-0.18307767403280975,-0.7756046244756418,16.247172369120406,359228.8197745801,2.2595981308411215,0.8355804689681998,0.6981947201211168,2.512,2.4091447513633977,0.0,4.207,-2.093289370924353,3.1456621575279966,4.207,1863.077077,1.7679538940809971,0.637891210066791,0.4069051958804748,1.9982,1.8795122153039163,0.0006,1.9984,-2.409555434453429,3.8059574327547754,1.9978,1133.95373976,1500.4835887850465,869.311779407909,755702.969817345,1499.516,1734.1147511138352,0.0,3012.0,0.0041744104840194755,-1.195505932858821,3012.0,965296424.379822,05484.csv,discharge,B0005,103,05484.csv,1.485903599,-0.002054041000000037,3.5036174027435223,0.0033369468700956313,3013.9312,7.82745071543377,33.126235665019735,0.05197316217056117,0.056877441,0.0845363,-0.00011716229999999957,0.0002567902000000007
3.5065859365661325,0.2327793636251861,0.05418623212974661,3.4986185011170834,3.5143037948721974,2.6594753656507684,4.202845001527377,-0.39439238427692586,1.1370353433030802,1.543369635876609,3976.806634374307,-1.7879098523188455,0.6337572797900881,0.401648289686932,-2.0126587360752453,1.8969106277591803,-2.020648432189961,0.0037903464383519,2.4637693030373073,4.0702459109880955,2.024438778628313,1158.642917365244,33.78697527817091,4.00137718412186,16.011019369610985,33.86494183281303,34.023090950372854,25.05068794027295,40.99869158762305,-0.1993166142942553,-0.7388745963333152,15.948003647350099,372737.77113718446,2.279636645962733,0.8281454482769279,0.6858248835017939,2.5229999999999997,2.4254006104390284,0.0,4.217,-2.144798153826946,3.3885432179420585,4.217,1894.186935,1.77486397515528,0.6294688317882735,0.3962310101928938,1.9982,1.8831816536109558,0.0006,1.9982,-2.4638016428718172,4.070318593016501,1.9976,1141.93215124,1505.2351055900622,871.8949882129917,760200.870470933,1504.5865,1739.5210816692215,0.0,3020.11,0.0031765208969900685,-1.196031862384905,3020.11,974350617.130074,05487.csv,discharge,B0005,104,05487.csv,1.49609183,0.0025936811000000217,3.503584990829405,0.0032995144740156804,3013.7532,7.63425102433417,33.27269475760594,0.28940028770182635,0.058412258,0.078166229,-0.00014867319999998868,-0.0006402031999999946
3.501457140697961,0.23352502054778868,0.05453393522184512,3.4965308963358614,3.509235820426804,2.644554999824577,4.197952808231904,-0.42513398899857324,1.1797469520805857,1.5533978084073272,3940.7155338773073,-1.780229415660985,0.6432393686749752,0.41375688541338074,-2.0125196977768933,1.8928744432206888,-2.018056806197647,0.0029141195307161,2.4040142947977845,3.779354049113726,2.020970925728363,1146.5515704953705,33.673365085761986,4.0655186008670245,16.52844149399577,33.74747229406404,33.91790025477712,24.845214918132577,40.997807625227495,-0.18870857239447353,-0.7592109559107776,16.152592707094918,368135.6664617632,2.2570687499999997,0.8358016669781398,0.6985644265234374,2.5105,2.4068493448386,0.0,4.213,-2.090632282796987,3.132567301320506,4.213,1853.735606,1.7672093750000002,0.6387636654405989,0.4080190202871094,1.9982,1.8791082979368168,0.0006,1.9982,-2.404036297757915,3.7793906278740135,1.9976,1129.9353585200001,1496.0002093750002,866.7185574610547,751201.0578473717,1495.063000000002,1728.9354193541803,0.0,3002.172000000006,0.004083185517243957,-1.1960719177063188,3002.172000000006,956549658.975173,05491.csv,discharge,B0005,105,05491.csv,1.480800595,0.002165607700000169,3.5027001584381514,0.00311798169650453,3009.837600000001,7.527332216831944,33.38422705350941,0.31964954684740915,0.060197891,0.083773466,0.00041182640000000985,-0.000310368100000007
3.5016583871628097,0.2310936543774782,0.05340427709353735,3.497121129707942,3.5092756713431883,2.6719601666204564,4.198017952345714,-0.3886625526986217,1.105377781774008,1.526057785725258,3928.4900202564986,-1.7731015168894209,0.6514705765655358,0.4244139121306315,-2.01245637830021,1.8889952094503037,-2.017916668624779,0.00078441654882,2.351564785433776,3.5299210578882736,2.0187010851735994,1138.288625523057,33.535818118317145,4.071805413255272,16.57959932341494,33.64091122384711,33.782106153824444,24.68293151974539,40.84213757482493,-0.19927818073119571,-0.7591242373777587,16.15920605507954,364052.59208405606,2.244683385579937,0.8446396033989392,0.7134160596299173,2.504,2.398336832292021,0.0,4.213,-2.05012404375258,2.9348198403380685,4.213,1834.89424,1.7602087774294677,0.6470597256629362,0.4186862885749943,1.9982,1.8753722906971655,0.0006,1.9982,-2.3515883764493437,3.529968044942019,1.9976,1121.9297719600002,1490.6551692789972,863.7915605755687,746135.8601215765,1489.922,1722.8432005901673,0.0,2992.703,0.0045012781826939685,-1.1954106347226972,2992.703,946852193.3285072,05495.csv,discharge,B0005,106,05495.csv,1.469754327,-0.0016013523999999814,3.502198169164552,0.003023120183367601,3005.9252000000015,10.461964428471411,33.465506379208115,0.28884496832780415,0.059883524,0.083611568,0.0007867493999999977,-7.750859999999906e-05
3.4966186408455298,0.23123114842947284,0.0534678440040129,3.4951927402307756,3.504255950057366,2.6598211033173382,4.192162800008929,-0.41775624786417864,1.1485332253437681,1.5323416966915908,3880.4198852699346,-1.7705879947441516,0.654212957890516,0.4279945942718581,-2.0122117053311106,1.8875848170092846,-2.027591717224413,0.0054462356427572,2.3349438733594527,3.4522175205801036,2.0330379528671703,1125.9005554836558,33.32269982188509,4.102402769286851,16.82970848145242,33.42670046532343,33.574276342177704,24.442107279152207,40.69012464267011,-0.19086016483069967,-0.7750242188737841,16.248017363517906,356205.32208068867,2.2366613924050633,0.8458615014579479,0.715481679648694,2.501,2.391262399638327,0.0,4.207,-2.0379217907417786,2.873559567593908,4.207,1806.930933,1.7579373417721518,0.6496999533362194,0.42211002936508574,1.9982,1.8741541363938095,0.0006,1.9982,-2.3350545598624985,3.452479978499622,1.9976,1109.9353777200001,1476.8261265822784,855.7354626801819,732283.182088465,1476.0700000000002,1706.838771016314,0.0,2964.468,0.0041425486146702325,-1.1957904935163095,2964.468,920602354.5172559,05499.csv,discharge,B0005,107,05499.csv,1.453901227,-0.00903422470000015,3.500910518704245,0.003829508239230487,2998.290600000001,21.530726155954152,33.50391008148647,0.24219688651195723,0.05887512,0.083705624,0.0005466624000000003,0.00037839870000001114
3.4991645719433246,0.22947771879895953,0.05266002342517434,3.497338942306518,3.5066811553046113,2.688360455508818,4.196993378341778,-0.3740197451996954,1.0640936686742002,1.5086329228329602,3910.3864465399774,-1.7600629827474803,0.667000512961465,0.44488968429085746,-2.0128504714963875,1.8822091774106335,-2.017344770444764,0.0015596672777035,2.256946361335821,3.0938587906319848,2.0189044377224676,1126.582221234163,33.346230327490304,4.1187097532725945,16.963770031702797,33.48119852067796,33.599625698595766,24.37516209951004,40.69938049882204,-0.2107554714650219,-0.7609583710799259,16.324218399312,359001.2813732643,2.223235849056604,0.8619665669933005,0.7429863626142161,2.4965,2.3844840119289232,0.0,4.212,-1.974791101778278,2.5753249982884245,4.212,1808.072953,1.7469314465408807,0.6623966207831615,0.43876928322495157,1.9982,1.8682983600427328,0.0006,1.9982,-2.2569636432658036,3.093884935026593,1.9976,1109.99132636,1485.8575188679245,861.1201252854049,741527.8701715515,1484.8755,1717.352740862487,0.0,2983.375,0.004787195214893256,-1.195464438633933,2983.375,937877538.822231,05503.csv,discharge,B0005,108,05503.csv,1.454146207,-0.011079061399999908,3.501096935443152,0.0036865722692718287,2992.565600000001,20.766186609552324,33.533017726325085,0.20206608753522884,0.058445186,0.084351377,-0.0001256914999999982,0.0012302454000000034
3.496080777360074,0.23426793601664392,0.05488146584549837,3.4940439288741616,3.50392098479291,2.6376728619288525,4.197603515102162,-0.43158352682299933,1.1840634636337288,1.5599306531733093,3891.95553885206,-1.765575132998529,0.6607978776580168,0.4366538351173393,-2.0127936204619634,1.8851815258430984,-2.017072416845675,0.0026865938325838,2.295302348123538,3.2684668629814455,2.019759010678259,1126.5892751654958,33.64948900485925,4.130055203457506,17.057355983606424,33.7559310216906,33.90199796872965,24.70475717255037,41.06026204078849,-0.1949708525922585,-0.7716115731372142,16.355504868238118,364342.51280814456,2.232750788643533,0.8556741458565816,0.7321782438873905,2.501,2.3910989791465576,0.0,4.213,-2.0010243494292843,2.7061372682515925,4.213,1812.401322,1.7524485804416405,0.6561262329781411,0.4305016336020859,1.9982,1.8712502934385893,0.0006,1.9984,-2.2953197868721054,3.2684929626563317,1.9978,1110.00011844,1482.2517665615142,858.8062720396489,737548.2128946395,1481.516,1713.0728275147467,0.0,2975.297,0.004180001082004837,-1.1951989987764688,2975.297,930274068.42109,05507.csv,discharge,B0005,109,05507.csv,1.455023752,-0.006716180599999817,3.49899590360194,0.0026136322897302557,2983.603000000001,14.6867934384211,33.505520471662756,0.16478276642386816,0.060551211,0.083280515,-7.316979999999717e-05,-2.4609299999988926e-05
3.4959014526388,0.23343364754226326,0.05449126780488559,3.494159034086407,3.5036863778550376,2.645120521151077,4.196406678544622,-0.42453226105453784,1.1626064710181305,1.551286157393545,3891.4343802943245,-1.7588271887545277,0.6677722505465497,0.4459197786000039,-2.0122547171055465,1.8813274192713394,-2.017938882324793,0.0031991265142638,2.2515141900023043,3.0693698244313845,2.0211380088390567,1121.987536145184,33.79269513542103,4.127007891809571,17.032194139058483,33.90458289841712,34.0437723916514,24.85143118542252,41.19696040482682,-0.19800161962797905,-0.7722751389811648,16.3455292194043,367396.1650534975,2.222328075709779,0.8634733978358071,0.745586308770114,2.499,2.384182959602313,0.0,4.211,-1.9680586459139962,2.5455698555706663,4.211,1801.9320980000002,1.7461230283911675,0.663291603519407,0.4399557512993462,1.9982,1.867860107603695,0.0006,1.9982,-2.2515337466293834,3.069404301953335,1.9976,1105.98173796,1482.0467570977914,858.6914186123115,737350.9523984239,1481.2660000000033,1712.8378623274605,0.0,2974.9850000000006,0.004203115356748581,-1.1954937325602595,2974.9850000000006,930018893.0113338,05511.csv,discharge,B0005,110,05511.csv,1.449042164,-0.0040301801000001665,3.497884765990108,0.002483399874264839,2978.1656000000003,10.540910482630972,33.529386481594564,0.2000393594479868,0.059950256,0.083190436,0.0001809555000000031,-0.00012673729999999818
3.497586979902671,0.229142139192038,0.052506119953503315,3.4965237980539206,3.5050849921133422,2.698012437629632,4.197098662004674,-0.3590243513007363,1.0189369112746895,1.4990862243750418,3882.2561734124674,-1.7516428147438297,0.6759686601230658,0.4569336294685728,-2.0121174487413835,1.8775479168085856,-2.029098489464331,0.0037817943235626,2.2036309498509365,2.8561937014322227,2.0328802837878936,1113.9588328522739,33.52446663707275,4.107121567467311,16.86844756995514,33.68148622340367,33.77511378026963,24.582992198113057,40.84446688602949,-0.21621039176601434,-0.7619873472776177,16.26147468791643,360479.6262349703,2.211481012658228,0.8720809952623142,0.7605252622977086,2.4945000000000004,2.3772197062210236,0.0,4.211,-1.932974417709687,2.381623798729545,4.211,1785.7708360000001,1.738956962025317,0.6711912198403454,0.4504976535907708,1.9982,1.8639927492796449,0.0006,1.9982,-2.203725860650756,2.856407857294176,1.9976,1097.93219432,1477.5040221518987,856.1454462699925,732985.0251688445,1476.7425,1707.6308619382244,0.0,2966.25,0.004498488067440857,-1.1954699221228509,2966.25,921456998.7634671,05515.csv,discharge,B0005,111,05515.csv,1.438670937,-0.0035564622999999795,3.4970704845380802,0.001341853953046148,2972.875,7.667079920209974,33.52711618534569,0.20001253023707208,0.059565013,0.084870114,0.0002884855999999956,0.000116803899999999
3.4956989619989507,0.22961254080874058,0.052721918896645556,3.4952189470963573,3.5032318153124247,2.692894277298908,4.196909312093871,-0.3629762827729551,1.0233031401527253,1.5040150347949632,3865.879442822414,-1.7513097768253418,0.6767833456075123,0.45803569689169743,-2.0125240606449752,1.877530727124253,-2.025048878675005,0.0013123608369275,2.1982608805365036,2.832457779147263,2.0263612395119326,1110.4133138581537,33.39042251934235,4.147556736723813,17.202226884343084,33.54580312509581,33.647028738130025,24.38167771883123,40.764203830749366,-0.2141235525332418,-0.7680099663928046,16.382526111918136,356618.6010149326,2.207726984126984,0.8720575532933499,0.7604843762559839,2.491,2.373719194154695,0.0,4.212,-1.9288615188967262,2.364119161924566,4.212,1774.8809860000001,1.7381968253968259,0.672134067212325,0.45176420430738223,1.9982,1.8636234620027146,0.0006,1.9982,-2.198308866878249,2.8325619023643727,1.9976,1094.0241085599998,1472.2304507936508,853.2417605397087,728021.5019289015,1471.156,1701.612177369737,0.0,2956.359,0.005096584979569599,-1.194913656893014,2956.359,912077460.6844879,05519.csv,discharge,B0005,112,05519.csv,1.433445432,-0.005775436499999823,3.4968865487687646,0.0014756386449514252,2971.2532,10.296672870539286,33.54066072483714,0.1843921669514061,0.059853349,0.084739177,0.00018301280000000215,0.00023651989999997882
3.492875380810072,0.2334116463244922,0.05448099663990984,3.4928334991169794,3.5006655685039405,2.648392365505812,4.197105220217278,-0.4158609746314224,1.137245796948422,1.5487128547114657,3860.21771809034,-1.7511840784846122,0.6767869141766419,0.4580405272007413,-2.012595175943251,1.8774147660915907,-2.0170494375017745,0.0017334904566314,2.1982910934134328,2.83253214847222,2.018782927958406,1110.2761542407038,33.67370212742761,4.164046290316763,17.3392815079008,33.828513937761926,33.930185623934086,24.640411065560848,41.11212504270441,-0.20724088586827988,-0.7705139842414264,16.471713977143565,362646.1113895064,2.209780952380952,0.8737555284212581,0.763448723446712,2.494,2.3762534757370437,0.0,4.212,-1.9221523647810057,2.343200011845239,4.212,1778.672883,1.7382063492063495,0.6721226556318838,0.4517488642136558,1.9982,1.863628229190286,0.0006,1.9984,-2.198308874697811,2.8325619377266724,1.9978,1094.02970564,1472.0868380952384,853.2730241029421,728074.8536617801,1470.844,1701.503603450494,0.0,2956.344,0.005299841919548825,-1.1950810226964086,2956.344,911961071.4548299,05523.csv,discharge,B0005,113,05523.csv,1.43339589,-0.005885245599999842,3.495628710542113,0.001710214272305429,2965.847,9.398099621888651,33.6061550848246,0.1536645407796571,0.05874548,0.087117214,-0.00037083689999998706,0.0009222138999999752
3.49551076423368,0.23026320374609255,0.053021142999414524,3.4958275557100644,3.5030867311376896,2.6832134764262,4.196244829545076,-0.3727792249414704,1.048031540836801,1.5130313531188762,3865.5592434499767,-1.7446206812145286,0.6838024379199837,0.46758577410531327,-2.0124403682018204,1.873842868392854,-2.017587381204539,0.0022931157457021,2.157260649417128,2.6538170266109677,2.019880496950241,1106.055435059429,33.91080564765892,4.130728324479157,17.06291649065438,34.07977321971249,34.161464490913595,24.932873139487384,41.27256611507568,-0.21643740857721122,-0.7684930256912716,16.3396929755883,367606.78169164434,2.203831746031746,0.8825816389821284,0.7789503494683799,2.496,2.373989198434929,0.0,4.211,-1.8940190332978348,2.2060130031202982,4.211,1775.2847850000003,1.7318571428571432,0.6790418458046172,0.4610978283537415,1.9982,1.8602222962912383,0.0006,1.9982,-2.1572774923977693,2.653846195480333,1.9976,1090.03450236,1472.3190730158728,853.2721129569977,728073.2987500995,1471.203,1701.704072838876,0.0,2956.406,0.004998725429225456,-1.1949403548202302,2956.406,912175976.727672,05527.csv,discharge,B0005,114,05527.csv,1.428064873,-0.004722962899999971,3.495514707916835,0.0016914413498336997,2962.0688,8.392751497749403,33.65841841338453,0.2072004003500991,0.060837671,0.084909028,9.552970000000233e-05,0.0005684284000000007
3.4942333590450834,0.23051595773401906,0.05313760677003206,3.4943145659191694,3.501828718574556,2.684960445221862,4.19680260180666,-0.3700310011679895,1.0315692282277062,1.5118421565847986,3850.520573509324,-1.7436362428649814,0.6846051890564013,0.46868426488295095,-2.012381152743645,1.8732195846497175,-2.0245398824990146,0.0014033494395084,2.1518506644326423,2.630536906394722,2.025943231938523,1101.8108062669917,33.7850680599871,4.144241804988197,17.17474013821183,33.96427699003743,34.03829555010316,24.80325379769347,41.15574924454392,-0.21498762365745971,-0.7739863999905907,16.35249544685045,363802.14708223817,2.20003821656051,0.88267117309527,0.77910839981338,2.4924999999999997,2.3705013297064665,0.0,4.211,-1.8887292189969203,2.1863167671532375,4.211,1764.452838,1.7309961783439491,0.6799562359357716,0.4623404827879427,1.9982,1.8597548903630552,0.0006,1.9982,-2.1518834011110077,2.630602220545952,1.9976,1086.0281112,1468.147484076433,850.7096929009593,723706.9815956446,1467.2185,1696.8099529987455,0.0,2947.266,0.004695867811090774,-1.1951090305458736,2947.266,904057501.21102,05531.csv,discharge,B0005,115,05531.csv,1.422920318,-0.0036881797000000533,3.4951810891980912,0.0017592378721622997,2956.525,6.715265892205012,33.65689299829774,0.205989249761194,0.059937628,0.084799502,0.00017295519999999747,2.8627000000037944e-06
3.491197414255986,0.23192515902293845,0.05378927938781528,3.492039800450774,3.4988924911599524,2.669922120529456,4.196227405416926,-0.38728264406138596,1.0577359547696012,1.5263052848874703,3831.823832049691,-1.7425325036061037,0.6854953037815841,0.4699038115066062,-2.0120718289765875,1.8725179138343007,-2.01689808000431,0.0032832319808608,2.146462033164671,2.6073416437775183,2.020181311985171,1097.4792046783032,33.61126807392732,4.1726745332912945,17.411212760777723,33.79377840890269,33.86928629744335,24.578577776974136,41.03237216951879,-0.21136593688027322,-0.7777921522443432,16.45379439254465,359051.23749533156,2.1924600638977636,0.881846845335827,0.77765385862875,2.481,2.3631620745127355,0.0,4.211,-1.878411988556128,2.1545050565154087,4.211,1747.959452,1.7301079872204475,0.6808580810166867,0.4635677264857251,1.9982,1.8592582859650546,0.0006,1.9982,-2.14647670552532,2.6073623843599334,1.9976,1081.99135004,1463.1330575079871,847.9795957661831,719069.3948357794,1462.187,1691.1025216729029,0.0,2937.984,0.004973677573999679,-1.1949243716266849,2937.984,895126082.247045,05535.csv,discharge,B0005,116,05535.csv,1.417429033,-0.004250836999999924,3.4939031760687542,0.0018904839125683517,2950.8718,8.212473573963818,33.67425328566866,0.19542535579935955,0.059595887,0.085187752,6.772240000000308e-05,-0.00014205619999999754
3.488909408157623,0.23255290311170274,0.054080852745680995,3.491607895751721,3.4966512138153636,2.664105530655056,4.196558172556389,-0.392565622424644,1.064121684993692,1.5324526419013331,3814.689749855854,-1.7419837011363046,0.6864030353770245,0.4711491269747927,-2.012339727859092,1.8723398040952213,-2.0197651300783948,0.0026192373361047,2.1410447688484804,2.5841150966387296,2.0223843674144995,1093.7647787037913,33.45598581472246,4.211566699707515,17.73729406608525,33.6423610884232,33.720027889979505,24.354940329833727,40.937269906716935,-0.2107987001768104,-0.7840196991302477,16.582329576883208,354756.5676411106,2.1887499999999998,0.8818229306894574,0.7776116810897437,2.4815,2.359711474648912,0.0,4.211,-1.8744117479186717,2.138097378628556,4.211,1737.290332,1.7292948717948724,0.681787672207192,0.4648344299737016,1.9982,1.858842431081705,0.0006,1.9982,-2.1410574474364745,2.584127025147043,1.9976,1078.05209728,1458.7075352564102,845.2383927730921,714427.9406176398,1457.836,1685.8990521473909,0.0,2929.125,0.004850375349488197,-1.1944862345727365,2929.125,886783751.5778191,05539.csv,discharge,B0005,117,05539.csv,1.412409229,-0.005260916199999967,3.492545265300489,0.002587903604513859,2945.425,11.877022817318077,33.687365944744684,0.17247126903985596,0.058400744,0.086329382,-0.00019312559999999667,-0.00012969399999999948
3.487376295811431,0.23502132753203192,0.055235024394918626,3.4901004721410986,3.495286605270357,2.634098605983684,4.196870541112335,-0.42522363361768867,1.1427078473433152,1.562771935128651,3811.712877330501,-1.7421680980861822,0.6864353089088671,0.4711934333168117,-2.0125896386308533,1.8725231948646288,-2.018228083548545,0.0010338439367061,2.141043024711058,2.5841026979560375,2.019261927485251,1093.9790519754836,33.723267448788484,4.224667834776898,17.847818314198523,33.88425606243669,33.98685901545942,24.616751003686066,41.240704611971786,-0.20494610104737088,-0.7910811915282365,16.62395360828572,360393.25474985514,2.1849006410256413,0.8810783819432834,0.7762991151277944,2.4770000000000003,2.355862883591074,0.0,4.211,-1.8676021713991982,2.1222581412370918,4.211,1731.628057,1.7293070512820516,0.6817699382256658,0.4648102486682282,1.9982,1.858847257383471,0.0006,1.9984,-2.141057456803593,2.584127060498325,1.9978,1078.0576954,1458.4665512820513,845.2497118658667,714447.0754093307,1457.6100000000001,1685.6962231131358,0.0,2928.454,0.004913135266446274,-1.1950013929264296,2928.454,886570388.064782,05543.csv,discharge,B0005,118,05543.csv,1.412578793,-0.004148324899999901,3.49144544830076,0.0034405763481470428,2939.847,12.01535001583941,33.69727900901685,0.17291343820643568,0.062605064,0.085021119,0.00019979019999999729,0.00017540620000000483
3.491994243745711,0.23071791602007982,0.0532307567726486,3.4927513455604347,3.4996077716118177,2.68378702970616,4.196795527524874,-0.36456437679155174,1.0205651246560574,1.5130084978187144,3821.14342119926,-1.735841378420618,0.6933478478788404,0.4807312381582196,-2.012723433226187,1.869191410529005,-2.0178512019397976,0.0022798019176169,2.1013326433788695,2.415648787642856,2.0201310038574145,1090.0894771089684,34.05007636985734,4.168989536988808,17.380473759522157,34.25655665704127,34.30434629245453,25.01363389840176,41.43649987692296,-0.22006093062708335,-0.7784695584281365,16.422865978521198,367157.91046042345,2.1879262820512824,0.8924575535846394,0.7964804849502795,2.489,2.36294348232052,0.0,4.212,-1.8487542049862955,2.0095583129432946,4.212,1742.052593,1.7229128205128206,0.6885621526345771,0.47411783804076263,1.9982,1.8554100423163085,0.0006,1.9984,-2.10134843524856,2.4156652988251857,1.9978,1074.07448464,1458.8291474358973,845.4362082206045,714762.3821704334,1457.898,1686.1034557757662,0.0,2929.375,0.0049277361346169845,-1.1946339116478217,2929.375,886998797.436642,05547.csv,discharge,B0005,119,05547.csv,1.407598373,-0.003549413000000004,3.4907421442031668,0.0026763530207733425,2934.4408,8.167035184396592,33.72513315345654,0.22056139397193555,0.061151954,0.084855776,0.0005437828999999937,-5.408499999993423e-06
3.491585878898649,0.23143405261797567,0.05356172071117993,3.4891858608744912,3.4992475863299006,2.660031949282934,4.189287343772767,-0.3969792004565874,1.0977719924855824,1.5292553944898328,3844.8463725167894,-1.7567879869499758,0.6705438927885254,0.4496291121559895,-2.0127096447596573,1.8804077066550589,-2.017223089332264,0.0036040078454246,2.2351534126882133,2.9959651872797703,2.0208270971776883,1110.2830069797897,33.889346908026745,4.072979899996419,16.58916526577484,33.97650298042316,34.13322427076523,25.159494190646395,41.16703904201915,-0.1818771155105984,-0.803611654980537,16.007544851372753,365834.177723164,2.228859872611465,0.8699552588144045,0.7568221523388374,2.5105,2.3926216759187886,0.0,4.203,-1.960312184420196,2.494548693424046,4.203,1797.536484,1.7437579617834393,0.6659824851972281,0.44353267058947626,1.9982,1.8666077520123534,0.0006,1.9984,-2.2351700911144237,2.99598541591691,1.9978,1094.04649296,1467.6625987261145,850.4773723460836,723311.7608726989,1466.875,1696.2739355930075,0.0,2946.031,0.004122140086965054,-1.1955763882861294,2946.031,903486413.0756679,05551.csv,discharge,B0005,120,05551.csv,1.433392049,0.0027115176000001026,3.4902126481738796,0.0019857579727905156,2934.1938,7.686738430776342,33.74598892306447,0.23226518388627015,0.059630601,0.085034568,0.0002820638000000028,-0.00017799740000000377
3.495576227046425,0.23397367076765024,0.054743678612488786,3.491432461168748,3.5033978988554257,2.650011641082063,4.201144545237731,-0.3856076672161403,1.1217195806551121,1.5511329041556676,3866.2460038769523,-1.7573176114092575,0.6694688446745369,0.4481885339898592,-2.012442919481942,1.8805195349580919,-2.0257290511470427,0.0022668920626443,2.2405663665062736,3.020292977056333,2.027995943209687,1113.9514222280843,34.067648550088656,4.085856241889734,16.6942212293893,34.19501901394119,34.3117895039263,25.21215090210571,41.36216559728765,-0.20773449910325256,-0.769895659957462,16.15001469518194,370849.15317295026,2.2300666666666666,0.8692348863334051,0.7555692876190476,2.508,2.3934842020361917,0.0,4.216,-1.9615450999018422,2.509279062815735,4.216,1804.5614870000002,1.7445434920634921,0.6650891619762584,0.4423435933782817,1.9982,1.867023189218432,0.0006,1.9982,-2.2406370935078823,3.020454612665179,1.9976,1098.01931056,1472.271019047619,853.0718977486904,727731.6627285521,1471.5,1701.5621106077988,0.0,2955.438,0.004321669729754274,-1.1954851159334112,2955.438,912023789.120661,05553.csv,discharge,B0005,121,05553.csv,1.438255018,0.007250483399999899,3.491088410731968,0.0031518388561599243,2937.6845999999996,12.37301282239501,33.83726501829673,0.2546797220253942,0.059630601,0.085034568,-5.147489999998766e-05,-0.0002576178999999934
3.4938988589692483,0.22954405726334065,0.05269047422491581,3.4933110550866,3.5014310946999276,2.6936969083341418,4.196925753814179,-0.34320174535078896,1.010797308539443,1.5032288454800375,3837.38616952157,-1.742762839332656,0.6856017380135447,0.47004974316719317,-2.012360469338709,1.8727712239689114,-2.01734921830549,0.0034196589413944,2.1464619440025263,2.6073414363075775,2.0207688772468844,1097.7761539430426,33.75168100943646,4.104311380057595,16.84537190447028,33.93079431251468,34.00031386424578,24.8439113089274,41.02198772703674,-0.21778354597588875,-0.776997580316956,16.178076418109338,361834.6803174412,2.205073482428115,0.8860162903721385,0.7850248668048055,2.498,2.3764204025618993,0.0,4.211,-1.8864413380505716,2.170503407870748,4.211,1767.62804,1.7301233226837063,0.6808472461008748,0.4635529725231451,1.9982,1.85926858850927,0.0006,1.9982,-2.146476720904454,2.6073624436927325,1.9976,1082.00334116,1463.249463258786,847.809755578014,718781.3816532518,1462.344,1691.1180838073894,0.0,2937.625,0.004447669968700841,-1.1951540117233301,2937.625,895142556.868058,05557.csv,discharge,B0005,122,05557.csv,1.417354717,0.004020849300000104,3.492086300894293,0.003078473481122294,2939.3846,11.45264800398317,33.896404057239536,0.16117591717025295,0.06098667,0.085839769,-0.00047581409999999995,0.00018160920000000817
3.49159162968384,0.2293288145942057,0.05259170520318357,3.492706987032541,3.4991147185654596,2.697073130067154,4.196901090271507,-0.34172759685709264,0.9929330523542363,1.4998279602043532,3820.0667898686074,-1.7352637407600362,0.6933146489933393,0.48068520250875724,-2.0122084815795533,1.8686426765182456,-2.016959683770622,0.0025963216962809,2.101333947702222,2.415647163531111,2.0195560054669026,1089.449541181645,33.46482299584788,4.144480066638334,17.17671502276249,33.673775748706525,33.720484770628545,24.47190444990649,40.78818812957494,-0.22457576993331257,-0.7771654673226673,16.31628367966845,354766.18106785184,2.188285256410256,0.8927718389651934,0.7970415564492932,2.4885,2.3633945755780594,0.0,4.212,-1.8470209115489267,2.0063541471185644,4.212,1742.717783,1.722869871794872,0.6885691577392405,0.47412748498972707,1.9982,1.8553727604253019,0.0006,1.9982,-2.101348405361324,2.4156652172454383,1.9976,1074.031321,1458.6525224358975,845.3694748677332,714649.549038147,1457.9615,1685.9171777542197,0.0,2929.078,0.004804400513866395,-1.194903931688065,2929.078,886802819.836987,05561.csv,discharge,B0005,123,05561.csv,1.406981664,-0.0017270749999998831,3.4929293676687747,0.0017617278230884549,2939.5094,11.306222813262563,33.84471516665142,0.2484139314820921,0.061004257,0.085884361,0.00010606749999999436,0.0002862371000000046
3.4885729299834787,0.23087953878001954,0.053305361427274545,3.490315990018454,3.496204577715782,2.6806995515145213,4.196688955833435,-0.3619845943096933,1.0221641906060306,1.5159894043189133,3801.4918457138856,-1.7344350518111926,0.6942236682134463,0.48194650150773316,-2.012186782955959,1.868210761787606,-2.0173176445033945,0.0020094191444747,2.095934064539104,2.392981452268918,2.0193270636478693,1085.4557610927575,33.40210697922146,4.186006847766958,17.522653329551865,33.591904670993465,33.66338372744051,24.335820690902352,40.81506138506309,-0.2204026781340915,-0.782139729625142,16.479240694160737,352432.47863806185,2.1841414790996785,0.8929507279193534,0.797361002491703,2.485,2.3596260303733376,0.0,4.211,-1.840177452289758,1.9824954137588646,4.211,1731.596686,1.721991639871383,0.689498957882071,0.475408812920462,1.9982,1.8549026984473864,0.0006,1.9982,-2.0959498576954014,2.3930058867975674,1.9976,1070.04651044,1453.3070739549842,842.317823325685,709499.31549212,1452.219,1679.7621161044553,0.0,2918.375,0.005188147288613391,-1.194980450965684,2918.375,877517838.4436121,05565.csv,discharge,B0005,124,05565.csv,1.401203778,-0.009564989600000061,3.4922451049163277,0.002654136143504829,2937.3094,14.414224720849615,33.71512128852424,0.2813333623013911,0.062329148,0.088221611,0.0006770750000000137,0.0007223879000000148
3.4869021151089825,0.23172009682163183,0.053694203271026426,3.4898296247131264,3.494593046925854,2.6695398084864568,4.196339302740304,-0.37787291528680006,1.0489529816964147,1.5267994942538472,3797.9881552866054,-1.7280392046289716,0.7011017090448697,0.49154360642563716,-2.012311564933522,1.8648493502587187,-2.0174893103299003,0.0046477889906135,2.0574072469521214,2.232971820912905,2.022137099320514,1081.5532238388737,33.410688917712235,4.202402162925674,17.66018393896238,33.618411346732486,33.67394122901419,24.324432889352373,40.85837421987642,-0.22020483895624887,-0.7833330707235313,16.533941330524044,352653.57286537654,2.175704180064309,0.9015517255137052,0.8127955137767393,2.484,2.3550974911722964,0.0,4.211,-1.8051039504134296,1.8385928365354625,4.211,1724.956584,1.7155742765273314,0.6961687209895915,0.4846508880842837,1.9982,1.8514442973977259,0.0006,1.9982,-2.0574196868668935,2.232975832889533,1.9976,1066.06010176,1454.121260450161,842.7362819615664,710204.4409344047,1453.266,1680.676376054465,0.0,2919.812,0.004919611053418002,-1.1948769669451942,2919.812,878473328.1995741,05569.csv,discharge,B0005,125,05569.csv,1.396700823,-0.009925932900000222,3.491308352158395,0.003602193330617462,2932.0656,15.196093290816092,33.61938969046134,0.2885721965748089,0.061502763,0.087269906,0.000508680200000003,0.0006852518000000001
3.4855485210036417,0.23203689457923563,0.053841120445975305,3.487588475367968,3.4932634616811615,2.671695307817951,4.196181412764837,-0.3700373834631145,1.0259290013871603,1.5244861049468859,3770.6928903294456,-1.7326888725308258,0.6961086414901655,0.48456724075728375,-2.0122422514974048,1.8672916134737574,-2.016208232434632,0.002291601393935,2.085100917202743,2.347684791699015,2.0184998338285673,1077.4143926525733,33.38984948261314,4.223993508986,17.84212116395586,33.58298771676828,33.655967816057775,24.27764742305546,40.839876773287166,-0.2152013231431489,-0.796101827118028,16.562229350231707,350011.76841737464,2.181197411003236,0.8955014414165158,0.8019228315790574,2.484,2.3578687362417523,0.0,4.211,-1.8264260839856443,1.9342728750860303,4.211,1717.899398,1.720211003236246,0.6913702772986434,0.47799286033200317,1.9982,1.8539468050586172,0.0006,1.9982,-2.0851140488007154,2.347700656818393,1.9976,1062.0696956,1444.7104627831716,837.1603186165157,700837.3990661061,1443.907,1669.7382191053996,0.0,2900.422,0.0047230090322556055,-1.1949021451400519,2900.422,861499947.585453,05573.csv,discharge,B0005,126,05573.csv,1.391284789,-0.00624206970000007,3.4893028109498383,0.0034188122330676544,2921.0624,13.904866892684055,33.48382987696623,0.15245166213798342,0.06141908,0.087203783,0.0001363326000000003,0.00041135730000000053
3.4838912547260388,0.23259470683920802,0.05410029764961712,3.487092368863593,3.491646971331178,2.661289185949965,4.195770804194879,-0.3850184683784927,1.0531568414137134,1.534481618244914,3767.2039588735124,-1.7260735249920125,0.7028749959302109,0.4940332599038939,-2.012147649748763,1.8636960786518397,-2.01785516482798,0.0022764200332024,2.0466310135083905,2.1887392921064457,2.0201315848611827,1073.2691897369136,33.3700433438796,4.228319663198283,17.878687174189242,33.57985021363763,33.636861921805256,24.239023397259928,40.85376069244676,-0.2186430056334794,-0.7907228558471213,16.614737295186835,349614.49030349706,2.1703430420711975,0.9027611862196953,0.8149777593447912,2.48,2.350609852700284,0.0,4.21,-1.7945713723474344,1.7987416710010997,4.21,1707.338304,1.7137210355987056,0.6980338313804557,0.48725122975167845,1.9982,1.8504299547956897,0.0006,1.9982,-2.0466472173139776,2.1887649542123873,1.9976,1058.0441244400001,1444.6623171521035,837.3103452398012,701088.6142455952,1443.563,1669.7717882527782,0.0,2901.375,0.005508595677671911,-1.1943709130988642,2901.375,861534587.8770682,05577.csv,discharge,B0005,127,05577.csv,1.386228768,-0.005142478099999921,3.487301290101196,0.00295313236956925,2913.8124,12.488422570657766,33.407502343854866,0.035495498117720375,0.061216651,0.087281926,-4.8527999999998936e-05,0.00017773020000000058
3.483198941484065,0.2320093486771037,0.053828337873573884,3.488283943610782,3.490917243910157,2.667817533540102,4.195456241846729,-0.3799130021405787,1.0307621129660047,1.5276387083066272,3765.629489983249,-1.7195393742714093,0.7094441800501549,0.5033110446070366,-2.012173980593699,1.86014158178262,-2.01649929452358,0.0016756334707971,2.009245966920906,2.037106349461003,2.018174927994377,1069.1791516215148,33.27215987470977,4.234132939694459,17.92788175100564,33.510192372317604,33.54049052234109,24.12349712975845,40.74795214258888,-0.22171272183306392,-0.7875250512012903,16.624455012830428,347614.031884089,2.162854368932039,0.9111863713791275,0.8302606033870612,2.48,2.3469553946752946,0.0,4.21,-1.763714797045051,1.6701234580807789,4.21,1702.0336839999998,1.707247249190939,0.704581274789286,0.4964347727836953,1.9982,1.8469239136070879,0.0006,1.9982,-2.0092588219661045,2.0371211489009857,1.9976,1054.03853428,1444.2311326860843,837.1749284009164,700861.8607430796,1442.953,1669.330831609723,0.0,2901.187,0.0058952043310795885,-1.194293928863121,2901.187,861079616.437108,05581.csv,discharge,B0005,128,05581.csv,1.380436676,-0.005200625900000029,3.4856227524612415,0.0021919609124685787,2908.2342,9.932565111961598,33.36896971962724,0.056231291792369346,0.06270407,0.086791118,4.637319999999671e-05,-0.0002848966000000065
3.4836274447098883,0.23099757689946665,0.05335988053342501,3.487424057087255,3.49127771082012,2.684008069130594,4.19654355365607,-0.35585541596227904,0.9780647715789637,1.5125354845254755,3754.218176653368,-1.7185829844462919,0.7104295747135849,0.5047101806277252,-2.012122084386797,1.859633742180446,-2.0162911974216766,0.0022384407354535,2.003870696523965,2.0155342430506566,2.0185296381571303,1065.1371977572633,33.222444215660225,4.243207916713655,18.00481342446144,33.46874906134158,33.49232170344595,24.053006415445992,40.68794001196382,-0.22588992898277913,-0.7895958048827931,16.634933596517826,345494.56883083197,2.1605909090909092,0.9117012256503884,0.8311991248524204,2.4775,2.3450697646975667,0.0,4.211,-1.7602020766984283,1.6563629089769671,4.211,1693.800478,1.7063266233766237,0.7055442123105837,0.4977926355249621,1.9982,1.8464406790278511,0.0006,1.9982,-2.0038829815988892,2.015547088821643,1.9976,1050.0776998000001,1439.5553149350649,834.48590232053,696366.7211717091,1438.2730000000001,1663.9369657320265,0.0,2891.64,0.005843218909302438,-1.1944265216696381,2891.64,852755357.586287,05585.csv,discharge,B0005,129,05585.csv,1.375236415,-0.005377692900000061,3.4846336554065234,0.0015495895633043989,2902.8872,10.298094518084259,33.33303716691499,0.08149192647716648,0.061726136,0.088377926,0.0001731735999999919,0.00018033749999999622
3.480172442538601,0.2328888860424913,0.0542372332421125,3.4858342031107505,3.4879560580728652,2.6585256208771644,4.194357133255019,-0.3894928522344251,1.041128623217852,1.5358315123778543,3734.9121011554907,-1.717672415155695,0.7114589545468621,0.506173844004914,-2.012205539209333,1.8591859427694994,-2.016416530728208,0.0049133976681189,1.9984831225337896,1.9939689498235937,2.021329928396327,1061.1677175260556,33.26207748383125,4.270669269535446,18.23861600975442,33.50600681677258,33.53512210429758,24.05808219537432,40.7810749453613,-0.22201522322085393,-0.7982204736161314,16.72299274998698,345253.5552668955,2.1558241042345276,0.9116789581901121,0.8311585228066082,2.474,2.3406700090369874,0.0,4.209,-1.753484198449632,1.632560677585606,4.209,1681.9719799999998,1.7053752442996744,0.7064914207516071,0.4991301275956243,1.9982,1.8459238476886846,0.0006,1.9982,-1.9984938929400018,1.993977930959229,1.9976,1046.0824994,1435.4171009771985,832.0963464339975,692384.3297488072,1434.312,1659.1583961534814,0.0,2882.906,0.005471405428987467,-1.1946849089366645,2882.906,845111621.142664,05589.csv,discharge,B0005,130,05589.csv,1.370512802,-0.005253632700000057,3.4832877208924464,0.001955998690512779,2895.506,8.133141060097993,33.30331488013879,0.07271888834628705,0.061852237,0.086979222,0.00013757989999999977,6.46878000000014e-05
3.478452148610975,0.2349115652478485,0.055183443487194186,3.484816131549852,3.486375308778948,2.6372250579822927,4.195863681881766,-0.407824588837474,1.0844604127543578,1.5586386238994736,3731.527527654696,-1.7177080769362936,0.7112700457368814,0.5059050779625452,-2.012213051256982,1.8591466094783178,-2.01668335956764,0.0011794780565366,1.9984822882199016,1.9939652289935683,2.0178628376241767,1061.1228174691605,33.312029905516525,4.285594428971785,18.366319609633997,33.55179063200571,33.586569578265376,24.086387020526896,40.88159339768709,-0.2175794898779667,-0.7974860284767304,16.795206377160195,346313.7004029481,2.1558631921824105,0.9121568102197127,0.8320300464302011,2.475,2.3408921696304454,0.0,4.211,-1.7499948452783727,1.6243687367772939,4.211,1682.2912780000001,1.7053543973941372,0.7064975174442795,0.49913874215493004,1.9982,1.8459069215067292,0.0006,1.9982,-1.998493871997391,1.993977868177062,1.9976,1046.0633154000002,1435.3610716612377,831.9818404817081,692193.7828913303,1434.125,1659.0524973405234,0.0,2883.265,0.005826417402133675,-1.1941693494752332,2883.265,845003743.002071,05593.csv,discharge,B0005,131,05593.csv,1.370508557,-0.0041364295999999,3.481868446413914,0.002424023794677572,2892.0746,9.102121033225076,33.28775096471948,0.05596580164556699,0.063103581,0.088522346,0.00029220270000000943,0.00026689439999999954
3.4785782556105507,0.23371613114596132,0.054623229957836195,3.484672075672304,3.4864207879090525,2.6514257735606432,4.19558455466442,-0.394706741066994,1.0453781844507155,1.5441587811037771,3731.624882481865,-1.7109669363015378,0.7178817791871309,0.5153542488888806,-2.012177640077462,1.8554681635657218,-2.0156447128046424,0.002524948681905,1.962171248426926,1.8501479869006632,2.018169661486547,1056.927966543827,33.25287943255863,4.288549064319252,18.391653077073528,33.51410458928843,33.52828125080906,24.008188700976785,40.81191473576834,-0.2213790244480155,-0.7952323882453474,16.803726034791556,345112.71259543975,2.1491205211726383,0.9206404273925652,0.8475787965495652,2.474,2.3380115079004464,0.0,4.21,-1.7209255996097834,1.5042123469145343,4.21,1678.153428,1.6988234527687298,0.7129262488665513,0.5082638363229319,1.9982,1.8423531040492755,0.0006,1.9982,-1.9621819534705476,1.8501581572948336,1.9976,1042.0393427200001,1434.9915504885992,831.8641518220148,691997.9670865601,1433.844,1658.6737825926575,0.0,2882.969,0.006079328177596928,-1.1940158068547593,2882.969,844618006.137492,05597.csv,discharge,B0005,132,05597.csv,1.364735511,-0.003613018799999908,3.4808058465908163,0.0024794946845761233,2888.3934,8.063075920733175,33.264318182455284,0.03250844305534848,0.062287461,0.089230876,5.442270000000251e-05,0.0005023936000000008
3.4825195584604582,0.22996700565473227,0.05288482368980367,3.4859589666349033,3.4901041959731556,2.676384659108382,4.188483624251573,-0.3660551821920498,1.0143801614358212,1.5120989651431906,3751.694808014823,-1.7184206130755166,0.7104440687417272,0.5047307748102999,-2.011962577426471,1.8594892250973476,-2.015672372070857,0.0023505638634883,2.0038715031500485,2.015536454883522,2.0180229359343453,1064.9716549019654,33.745054045019884,4.196060981362627,17.606927759313894,33.98389935974202,34.00493493980876,24.7195455297238,41.11793533148924,-0.21614619703079183,-0.8063017869858875,16.398389801765443,356151.36488027306,2.1677142857142857,0.9139956429056234,0.8353880352504639,2.4859999999999998,2.3525248691013365,0.0,4.203,-1.7669365953959062,1.6659770251700685,4.203,1704.586964,1.7063551948051954,0.7055449975564352,0.4977937435769101,1.9982,1.8464673824402056,0.0006,1.9984,-2.0038830179361957,2.0155471742406474,1.9978,1050.10807268,1439.9368214285714,834.4544217504049,696314.1819788025,1438.992,1664.2512525711436,0.0,2891.656,0.005589461016224109,-1.1942427231473256,2891.656,853077527.358863,05601.csv,discharge,B0005,133,05601.csv,1.375392017,-0.0005466086999999187,3.4806699699860943,0.002329654937371179,2886.4871999999996,4.713097145563862,33.358897016517304,0.2182583868005906,0.062705499,0.088387245,0.00023939499999999465,0.0002270292000000039
3.4886823636752835,0.23051665077148592,0.0531379262829032,3.4889311142333312,3.4962898279321557,2.694913850281781,4.200346502821317,-0.31809746943307465,0.9622274763983318,1.5054326525395356,3777.229151318676,-1.7260471943596487,0.7029280466636603,0.494107838786389,-2.012127244536273,1.863691700883814,-2.01575998810726,0.0021180176276842,2.046638400573848,2.188757327414727,2.017878005734944,1073.26414758645,33.88841975386692,4.172985355606769,17.41380677810855,34.12597818950995,34.14438167828473,24.84307993981448,41.248795355864885,-0.22945673350102322,-0.7802672036660323,16.405715416050406,360244.18925944733,2.1825533980582525,0.907018734653659,0.8226829850127247,2.492,2.3635190543738696,0.0,4.215,-1.8011152465182805,1.8123828287598167,4.215,1726.142697,1.7137249190938513,0.698037265578508,0.4872560241363204,1.9982,1.8504348468561511,0.0006,1.9982,-2.0466472213404,2.1887649611329625,1.9976,1058.0497188400002,1444.7526084142394,837.3646744629943,701179.5980385165,1443.781,1669.8771504389972,0.0,2901.25,0.005194938243143783,-1.1949059681194523,2901.25,861643316.545504,05603.csv,discharge,B0005,134,05603.csv,1.386111515,0.003608088600000051,3.4816809537791733,0.004244128981551617,2888.4091999999996,8.089679147129802,33.492092124158646,0.3015033883083752,0.062705499,0.088387245,0.00013084419999999692,0.0002680944999999966
3.4858502383832755,0.22968987476178193,0.052757438568083063,3.4889958406047468,3.4934094124515114,2.697334371630628,4.1981749992980655,-0.32895796861012133,0.962106483060952,1.5008406276674373,3758.8040714854833,-1.712021613408506,0.7169288800053295,0.5139870189856962,-2.0121600538014026,1.8560724726592874,-2.016014837696764,0.0015018865835744,1.9675314548148457,1.8712114908288795,2.0175167242803385,1061.0615473191767,33.7353756996425,4.220925520758633,17.816212251791537,34.01593180686528,33.998408578164685,24.576580515525823,41.16242984455477,-0.2357789658282568,-0.7794906948617992,16.58584932902895,356014.6700411291,2.155737012987013,0.9207645074830093,0.8478072782404287,2.4795,2.34414362772476,0.0,4.213,-1.7331334105363247,1.5389760552035794,4.213,1692.4628790000002,1.6998305194805197,0.7119863746168109,0.5069245976399899,1.9982,1.8429184443695286,0.0006,1.9982,-1.967542770064499,1.871224645678904,1.9976,1046.0753049200002,1439.4842727272726,834.5080666795949,696403.7133533153,1438.297,1663.8866201705214,0.0,2891.703,0.00618808295114457,-1.194429607481665,2891.703,852703754.913004,05605.csv,discharge,B0005,135,05605.csv,1.369850004,0.0020058898000000374,3.4828165129481086,0.0044919477419174715,2890.1686,7.530904680281949,33.5867517673209,0.2850855554754405,0.062705499,0.088387245,-3.781259999999827e-05,-0.00011138329999999558
3.478794177297151,0.23415766646771546,0.05482981276560588,3.483295951547652,3.4866658487389026,2.642540259937964,4.195715092938243,-0.3958401092330342,1.077784707968494,1.5531748330002788,3732.149493413987,-1.711022510206629,0.7178849800923008,0.5153588446421231,-2.01200943417128,1.855520647978868,-2.0165238233233063,0.0014907630238953,1.962166048884673,1.8501331863550279,2.0180145863472014,1056.9877606483067,33.59131052719714,4.292879138992345,18.42881130199566,33.850297076385,33.864508770046854,24.340286688400784,41.16437554618679,-0.22216979490457525,-0.7940147300889655,16.824088857786005,352069.12095063017,2.148319218241043,0.9202021883699375,0.846772067480822,2.474,2.3371023792176127,0.0,4.211,-1.7219073339775266,1.505872915985159,4.211,1676.848592,1.698824104234528,0.7129283475461939,0.5082668287349468,1.9982,1.842354516878658,0.0006,1.9982,-1.962181953215502,1.850158154057718,1.9976,1042.0409409200001,1434.9474820846906,831.8924333522995,692045.02066881,1433.656,1658.6498415910464,0.0,2883.016,0.006212455125795922,-1.1937267820759585,2883.016,844593624.182071,05609.csv,discharge,B0005,136,05609.csv,1.364782795,-0.0005447444999997794,3.482884918685344,0.004410739432389883,2890.1188,7.588571914628776,33.642607891657015,0.24189059695037973,0.053286382,0.081568566,-0.0018002157999999402,-0.0015324619999999552
3.4812826020756744,0.2296261723890385,0.05272817904604043,3.4866122029099476,3.4888474794064606,2.699226257883075,4.195755769877104,-0.3327092296798338,0.9246479937697951,1.4965295119940296,3724.649360775609,-1.703421414006958,0.7252203529345469,0.5259445603105087,-2.0120011771526176,1.8513749144913823,-2.0182163733141314,0.0029819941842475,1.9214742799925917,1.6921014565033623,2.021198367498379,1048.8422566464396,33.32366688599416,4.2977729880449305,18.47085265676865,33.630221125851506,33.59966707253916,24.03013803682012,40.86421618020504,-0.23518505274401358,-0.7893699727858152,16.83407814338492,345454.9139799545,2.1372908496732026,0.9277615994107042,0.8607415853411081,2.4690000000000003,2.32996861812298,0.0,4.211,-1.6930747588314228,1.3854860708682342,4.211,1661.1986510000002,1.6913673202614383,0.720238504236147,0.5187435029843224,1.9982,1.838332645369896,0.0006,1.9982,-1.9214852101174575,1.692105465046632,1.9976,1034.116876,1430.2198071895425,829.2941685066224,687728.8179190903,1428.9765,1653.2566391206121,0.0,2873.453,0.006196675000342761,-1.1941656725811762,2873.453,836376799.5276929,05613.csv,discharge,B0005,137,05613.csv,1.354322047,-0.006346865999999897,3.4834257879783683,0.0038850953359891097,2888.2156,10.474541675104835,33.65676538234412,0.21382069832063555,0.052931475,0.082756934,-0.0028967164999999556,-0.0018079300999999763
3.480352041587074,0.23135076723711012,0.053523177501199504,3.4852502702761203,3.4880328999137205,2.676480329780849,4.195911764444989,-0.35700302213585194,0.9885628329562302,1.5194314346641398,3722.9102943294383,-1.703574708739156,0.7250143495493765,0.5256458070525054,-2.01207663649836,1.8514352798054285,-2.016150778973011,0.0015383602403595,1.9214755308250226,1.692098377836193,2.0176891392133705,1048.910654164311,33.691961507697364,4.308684792274605,18.56476463917846,33.990962157785425,33.96635150962404,24.39265860056665,41.25434553511566,-0.23228984348840037,-0.794513172771866,16.86168693454901,353036.18867185386,2.1406960784313727,0.929619383662665,0.8641921984813533,2.4725,2.333832020238991,0.0,4.211,-1.6904999244087684,1.3783648211482884,4.211,1666.712201,1.691388235294118,0.720231097892472,0.5187328343713956,1.9982,1.8383489866896179,0.0006,1.9982,-1.921485237120169,1.6921055381961052,1.9976,1034.13526104,1430.6596274509802,829.3707849579009,687855.8989416847,1429.523,1653.6755632710615,0.0,2874.031,0.005877629113202108,-1.1940791930951842,2874.031,836800717.7793179,05617.csv,discharge,B0005,138,05617.csv,1.354641702,-0.00784675829999989,3.4829922846036916,0.004125012185996768,2884.6906,11.896454232397923,33.64614687487962,0.20961707939731214,0.055889293,0.082263211,-0.0023406435999999728,-0.0017878378999999689
3.4781127815565127,0.23421513644395944,0.054856730139462545,3.4835982323759267,3.4859898524474002,2.642142168479886,4.195824004004723,-0.3968393147239363,1.074967482452137,1.553681835524837,3718.5503269180717,-1.7034912994217157,0.7251866928085958,0.5258957394266687,-2.012041249920427,1.8514260305591885,-2.01761812862162,0.0030940952671648,1.9214735807509826,1.6920943777223343,2.020712223888785,1048.900174069439,33.887639684793655,4.288100406630046,18.38780509734077,34.17343789591689,34.15786773942048,24.647812199908287,41.45023191903855,-0.2240192792923887,-0.7949462650547754,16.802419719130263,357028.5381221452,2.1409869281045752,0.9302508445661598,0.8653666338160536,2.475,2.334350372187243,0.0,4.211,-1.6873620786798653,1.3691956680752515,4.211,1667.452648,1.6913130718954248,0.7202135860754695,0.5187076095676877,1.998,1.8382729712238133,0.0006,1.9982,-1.9214851676911227,1.6921053832565214,1.9976,1034.04974012,1430.695022875817,829.4828196636699,688041.7481171923,1429.5545,1653.762376098461,0.0,2874.234,0.0061598148524904155,-1.1940187750511866,2874.234,836888578.9592412,05621.csv,discharge,B0005,139,05621.csv,1.354703921,-0.004043325899999852,3.480878368179938,0.003047631828645701,2879.2874,7.988372756925293,33.64599086106496,0.209391850095739,0.058417784,0.080298095,-0.0005972518999999901,-0.0015483654999999884
3.4765867130506134,0.234339048365845,0.05491478958900983,3.4827411859110016,3.484475564980916,2.644725254926797,4.196258226051591,-0.390361556308215,1.0483517526162096,1.5515329711247938,3703.1788386994676,-1.7023383270190764,0.726300026957014,0.5275117291577592,-2.011920593995424,1.850801855627951,-2.017297732143782,0.0056941514906116,1.9161080393186742,1.6715160471971382,2.022991883634394,1044.7675901827395,33.67308060941856,4.3052968556355395,18.53558101514526,33.94952135281025,33.947193385367605,24.39982529977077,41.27708509224051,-0.22249577936725295,-0.7946974658914008,16.87725979246974,351485.6413167815,2.1371901639344264,0.9303783841041073,0.8656039376081699,2.472,2.330919504064057,0.0,4.211,-1.6821250676300763,1.3519163668141747,4.211,1657.1216490000002,1.6902859016393441,0.7211659556383178,0.5200803355717281,1.998,1.837701489593035,0.0006,1.9982,-1.9161242176966387,1.6715321552299391,1.9976,1030.0297632800002,1425.914206557377,826.623875106757,683307.0308965115,1424.656,1648.192450946996,0.0,2864.984,0.0063637066326235146,-1.1935073098846363,2864.984,828544198.3843931,05625.csv,discharge,B0005,140,05625.csv,1.349314998,-0.003055372000000024,3.479025663113405,0.0018498965622682547,2873.9435999999996,6.381918465761781,33.63353184302017,0.20454086204912303,0.056411433,0.081922312,0.001173641099999974,-0.00017513469999999335
3.4733769291841643,0.23574646332423185,0.0555763949698834,3.4808287164827485,3.481368076943129,2.632270655366611,4.196612664794988,-0.40430951933077874,1.0613667642362579,1.564342009428377,3684.456800896245,-1.7014238498912502,0.7272134622451198,0.5288394196705344,-2.012090683215444,1.8503195768972716,-2.017223266913469,0.0031481012336326,1.910738584045999,1.6509558244030345,2.0203713681471016,1040.7994911413866,33.411988203265814,4.343168774264049,18.863115001742276,33.713118224217496,33.6930863931596,24.071743981632668,41.06460515498328,-0.22243944768320978,-0.803086151788392,16.992861173350615,345108.11749186256,2.1326644736842106,0.9306659892113405,0.866139183474723,2.467,2.3268856741983424,0.0,4.211,-1.6733185225389797,1.3271018829283472,4.211,1645.97667,1.6892256578947367,0.7221196899257869,0.5214568465785145,1.998,1.8371010233159257,0.0006,1.9982,-1.9107496836713238,1.6509644366733047,1.9976,1025.9818116400002,1421.5815888157892,824.0148290089465,679000.4384266434,1420.5385,1643.1356158536237,0.0,2855.093,0.005894440368874605,-1.1943115605015784,2855.093,820767974.2343469,05629.csv,discharge,B0005,141,05629.csv,1.344189194,-0.0025592410000000007,3.4779422134908082,0.0031493556111165406,2868.359,8.366800852397285,33.59766737823391,0.22815318462874495,0.05568016,0.081773991,0.0006019510000000048,-0.00023067850000000416
3.4726366397371127,0.23483898171754727,0.055149347334134506,3.4809053159764893,3.480568140257967,2.639100611887612,4.195850781215982,-0.39857580278774707,1.041028219643688,1.5567501693283696,3682.763792009556,-1.6950436046971957,0.7333519547642081,0.5378050895564851,-2.01224781324945,1.8468832966328297,-2.0197342717689364,0.0017629793721903,1.8763776895994997,1.5208254475225935,2.0214972511411267,1036.93728505993,33.29926524979532,4.376203061199199,19.151153232849243,33.61837476196341,33.585595415431825,23.873389284419225,40.99284868101728,-0.22841316173694365,-0.7957840859591925,17.119459396598053,342909.63470035896,2.1191578947368424,0.9358800748722758,0.8758715145429365,2.4610000000000003,2.3166142746189795,0.0,4.211,-1.6458103739144463,1.2200655539835115,4.211,1631.477316,1.682721710526316,0.7283764641145549,0.5305322734760215,1.998,1.833598818867593,0.0006,1.9982,-1.876388313635747,1.5208332226416479,1.9976,1022.0737270800001,1421.1297171052631,824.0943618751716,679131.5172744462,1419.789,1642.7845842088157,0.0,2855.625,0.006677928507403138,-1.193909127182079,2855.625,820417321.7946961,05633.csv,discharge,B0005,142,05633.csv,1.338991379,-0.004181537300000004,3.4762130210230957,0.0032293245062682886,2864.7934,9.389513155840595,33.59278705099415,0.235618322273636,0.056210258,0.083280672,-0.0002095694000000031,0.00035108179999999566
3.473439372740961,0.23479831383576488,0.05513024818011834,3.4809222378152107,3.481366301366066,2.637841830893275,4.196002392961924,-0.39759783828755946,1.0530088659815462,1.5581605620686494,3684.453042583322,-1.695057731610264,0.7335626760276208,0.5381141996608042,-2.0123257611476233,1.8469799438955847,-2.016896104476736,0.0050093924911675,1.8763757144008155,1.5208207542482608,2.0219054969679036,1037.0458135983713,33.59980731390034,4.38509807605157,19.22908513659118,33.92780160561157,33.88474784719258,24.168977704033605,41.29040553417739,-0.2282064448817086,-0.8025758020472287,17.121427830143784,349045.5455470179,2.1207006578947367,0.9365895223739265,0.8771999334206197,2.4619999999999997,2.318312147622876,0.0,4.211,-1.6455827649110082,1.219457073343424,4.211,1633.8696490000002,1.6827921052631583,0.728387095387574,0.5305477607271468,1.9982,1.8336676444391873,0.0006,1.9982,-1.8763883756781845,1.5208333702529488,1.9976,1022.1504571999999,1421.0231644736843,824.0320513854975,679028.8217105912,1419.6325,1642.6611505972237,0.0,2855.594,0.0067905611185646855,-1.1938279271321701,2855.594,820294039.327144,05637.csv,discharge,B0005,143,05637.csv,1.338914523,-0.004190241500000042,3.4748304872538727,0.0023832112010848485,2861.1059999999998,8.425600008529578,33.57435621223474,0.22944455065777408,0.055794521,0.082950121,-0.0005447701000000058,0.0006662412000000001
3.4754777099091454,0.23268564565922872,0.05414260969585214,3.48224659193051,3.4832582335754507,2.668286095904868,4.196207586734141,-0.35884714971211434,0.958639740424704,1.5279214908292724,3676.3256402966645,-1.6937809113323188,0.7343985203891996,0.5393411867498457,-2.012015767762579,1.8461405586638266,-2.0199925086996786,0.0025365511428236,1.8710141415375632,1.5007239210701266,2.022529059842502,1032.6951935901066,33.61961195858585,4.3315046908749135,18.761932887071378,33.94558428537145,33.897496089430554,24.28428480579148,41.22740227746052,-0.2317075069312577,-0.7934498188636168,16.94311747166904,348159.19306328683,2.119993399339934,0.9374977473887985,0.8789020263590714,2.462,2.318032363795631,0.0,4.211,-1.64472580775482,1.211165458593432,4.211,1628.102034,1.6816818481848186,0.7293466771564072,0.5319465754790925,1.998,1.8330303909082903,0.0006,1.9982,-1.8710251401071454,1.500735198539104,1.9976,1018.0801254400001,1416.9057326732673,821.5499366617358,674944.2984289022,1415.531,1637.8541307794385,0.0,2847.437,0.006940566326956063,-1.1934116548186353,2847.437,812817544.5745149,05641.csv,discharge,B0005,144,05641.csv,1.334006676,-0.0035891314999999297,3.4743034729243996,0.001656464855869122,2855.7465999999995,6.221822024437781,33.52075066699318,0.15820317893629451,0.057799715,0.081903032,0.0002890924999999994,0.00011375700000000365
3.4722884821666766,0.23410417256729066,0.054804763613415804,3.480277122734503,3.480171269779805,2.649019812683856,4.195534582569042,-0.38785698095448107,1.0067322174439992,1.5465147698851864,3669.8123963012367,-1.6869434054016965,0.7406453707024624,0.5485555651429879,-2.0119168492889585,1.8423717372374282,-2.016745074407458,0.0028787153794497,1.8375390569129275,1.3765804273102429,2.019623789786908,1028.4830863058917,33.3945201718652,4.355772728473297,18.97275606211171,33.75381338199826,33.67739202449061,24.00593985304127,41.04619550953222,-0.23058356730343735,-0.793285331745444,17.04025565649095,343652.5202720808,2.112346534653465,0.9456843831432317,0.8943189525209947,2.462,2.3143739617839416,0.0,4.21,-1.614536455113198,1.0987512002865074,4.21,1622.9670310000001,1.6750389438943896,0.7354419244413167,0.5408748242259473,1.998,1.8293797549412147,0.0006,1.9982,-1.8375490929691296,1.3765867676932029,1.9976,1014.0289772000001,1416.9549372937295,821.6194650613843,675058.5453677552,1415.532,1637.9315735673551,0.0,2847.36,0.006818579523031557,-1.1936237631121296,2847.36,812894411.425716,05645.csv,discharge,B0005,145,05645.csv,1.328644431,-0.0036074228999998987,3.473443826747612,0.0012376942078275825,2852.2218000000003,4.408194154504495,33.4650385794825,0.13903554075231628,0.055775295,0.082946741,0.00017797270000000518,9.678599999999622e-05
3.471373665098864,0.23334669694409096,0.054450680974717426,3.4800369155629163,3.4792076402130183,2.664058512378051,4.1957439573980455,-0.3680218505061911,0.9422742377397344,1.5316854450199946,3655.675512722425,-1.6860649112944588,0.7415168583920652,0.5498472512796381,-2.0120401494930245,1.8419180590835278,-2.0163628111205263,0.0042700685649877,1.8321877426356952,1.3569429457576296,2.020632879685514,1024.5839651861652,33.16734508187535,4.389640806041505,19.26894640606471,33.529328014609106,33.45656476965717,23.715060546682704,40.85874389007758,-0.23516913688025287,-0.7959584909701132,17.143683343394873,338041.2013082522,2.1077582781456954,0.9453493228604951,0.8936853422327967,2.4575,2.310049848233692,0.0,4.211,-1.609909480624175,1.0846503292317324,4.211,1611.5717510000002,1.6739410596026492,0.736414360106498,0.5423061097710629,1.998,1.8287659174412405,0.0006,1.9982,-1.832195701414103,1.3569411411701173,1.9976,1010.0042038000001,1411.9015264900663,818.7451268336919,670343.5827139182,1410.4065,1632.1181033304229,0.0,2837.328,0.0071192562396794655,-1.193495290940708,2837.328,804470469.9721069,05649.csv,discharge,B0005,146,05649.csv,1.323170899,-0.004191105200000132,3.4730431739305523,0.0015496796747415374,2848.6688,7.5529985240194195,33.41610995520441,0.19439685639258691,0.056559391,0.082374901,6.790399999999362e-05,-0.00018149220000001086
3.4726160162875095,0.23133000116148006,0.05351356943737036,3.481729523211988,3.480312567286723,2.6883611693898826,4.19586805747139,-0.3431855928771846,0.879531569434449,1.5075068880815077,3657.997820936198,-1.6795829780331426,0.7474505249209339,0.5586822872045797,-2.012112463326549,1.8383909451754974,-2.016212123867104,0.0023204014455349,1.7995491891313264,1.2384045372609824,2.0185325253126387,1020.6637427255841,33.10962161613893,4.412543779229311,19.470542603615286,33.51581494741078,33.402358991057945,23.56356159483333,40.79196924883506,-0.2458892271002824,-0.7909845373218802,17.228407654001728,336946.7110225879,2.096390728476821,0.9509783318922722,0.9043597877286086,2.4530000000000003,2.3020021446932204,0.0,4.211,-1.5849474549103453,0.98939107993032,4.211,1600.3625900000002,1.6674006622516557,0.7424431222665384,0.5512217898008861,1.998,1.8252251253689626,0.0006,1.9982,-1.7995589729036827,1.2384126130032511,1.9976,1006.0969210000001,1412.1604337748345,818.8508483219457,670516.7117975701,1410.7415,1632.3951122558221,0.0,2837.281,0.0067710705633545745,-1.1937574225620702,2837.281,804743568.3600429,05653.csv,discharge,B0005,147,05653.csv,1.318169159,-0.005232650499999722,3.4730390492406316,0.001551059066691831,2845.0,7.781130220210439,33.37818122847314,0.23677522375925691,0.053344247,0.084485622,-0.000614087199999961,0.0003542870999999934
3.4738146874457896,0.23107179563833466,0.0533941747395243,3.4818419688695754,3.4814914415310025,2.6869753836302124,4.195347750909715,-0.340472401094034,0.8930629354478783,1.5083723672795024,3660.476362550993,-1.679793840292355,0.7476125202754746,0.558924480472647,-2.012646301447612,1.8386494571714271,-2.0168197393548124,0.0041697279349171,1.7995528115323731,1.2384226505965588,2.0209894672897297,1020.9508115597488,33.46501751186519,4.41399055456936,19.483312615827533,33.861105261933844,33.75486201549743,23.955208980751504,41.14127834456325,-0.2408782603621305,-0.7996256226493923,17.186069363811743,344095.99432495196,2.0981291390728476,0.951727296845851,0.9057848475615106,2.4539999999999997,2.303894687651343,0.0,4.21,-1.5853288881964342,0.9894915814893888,4.21,1602.995081,1.6674417218543047,0.7424631913062878,0.5512515904447174,1.9982,1.8252707980530356,0.0006,1.9982,-1.7995589941723353,1.238412648546892,1.9976,1006.14727284,1412.1636125827815,819.1197593909943,670957.1802247604,1410.8435,1632.532771164981,0.0,2838.515,0.007349641143480368,-1.1933979059594757,2838.515,804879301.176139,05657.csv,discharge,B0005,148,05657.csv,1.318466444,-0.004155573599999899,3.4731141121815967,0.0015840076079614732,2841.5842000000002,5.330757235506238,33.35122326806611,0.21156487572965083,0.056262479,0.083066231,-0.0005505519999999899,0.0003865279000000035
3.4701426486639693,0.23433499047226852,0.05491288775963818,3.4799550150577216,3.4780458435501145,2.6507536817766586,4.196065828878837,-0.37517375801013675,0.9778701096143232,1.545312147102178,3641.137669840705,-1.6851739865098712,0.7426401126844396,0.5515143369679573,-2.0122572021006766,1.8415552399473467,-2.0187637742643867,0.0033179608221933,1.8268175759243688,1.3372953740645803,2.02208173508658,1020.7890362350364,33.442619101404404,4.405907457499604,19.41202052405063,33.80501271484968,33.73159932297414,23.967802824849823,41.14429319149828,-0.23153012155971406,-0.8044499118594048,17.176490366648455,342484.05865858647,2.104328903654485,0.9458564338648418,0.8946443934835157,2.455,2.3071290662291095,0.0,4.211,-1.6035467079518162,1.064843607864101,4.211,1602.176203,1.6729408637873755,0.7374258120405779,0.5437968282637058,1.998,1.8282581770618054,0.0006,1.9982,-1.8268282287273097,1.3373014942509807,1.9976,1006.1009165600001,1407.472318936877,816.0540648291615,665944.2367241973,1406.109,1626.9365584735465,0.0,2828.328,0.006910841169525721,-1.1933291807556268,2828.328,796723692.154622,05661.csv,discharge,B0005,149,05661.csv,1.31829304,-0.0025407237000000687,3.472047099932562,0.001377202411530409,2837.7624,6.747382552066722,33.31582469662982,0.16514705675856126,0.05339425,0.083356355,-0.0005059002000000228,0.00015105579999999692
3.467523652225441,0.2299310431457854,0.05286828460210904,3.4756312264441522,3.4751386394423136,2.664632278910652,4.184534803011309,-0.3806519340183912,1.0055744262275086,1.5199025241006572,3647.1297461301824,-1.6863812036302581,0.7416010886402904,0.5499721746724638,-2.012361620668634,1.8422414984550484,-2.016191969154752,0.0021406905839278,1.8321845335699445,1.3569296991062707,2.0183326597386797,1024.9438290662304,33.037928170775885,4.3789362177664595,19.175082399266824,33.447016594205984,33.32686274188757,23.58968747789601,40.66184230912503,-0.24008435000297187,-0.8041141655670989,17.072154831229017,335425.2936254173,2.106877483443709,0.9444047364248798,0.8919003061817466,2.4565,2.308859683138809,0.0,4.199,-1.6142555246981216,1.0917431869876308,4.199,1609.911577,1.6740403973509934,0.7364544868596676,0.5423652112157363,1.9982,1.8288730035677185,0.0006,1.9982,-1.8321956818209026,1.3569411116840868,1.9976,1010.1224918800001,1412.2711490066226,819.0326674811405,670814.5104012724,1410.804,1632.5820986148779,0.0,2838.265,0.007162991211265933,-1.1935458055661055,2838.265,804927941.232763,05665.csv,discharge,B0005,150,05665.csv,1.323872422,0.000152692699999768,3.4710941339443147,0.0024212258688341374,2835.9434,4.292538911174608,33.244506296411956,0.19665714558277114,0.058545252,0.088368852,0.000402172500000015,0.0010858635000000106
3.4767525840839255,0.23540364113204323,0.0554148742582238,3.480094313937623,3.4847128153109663,2.6400211837268666,4.201240476440081,-0.36163113587114304,1.0641433370337543,1.561219292713214,3703.6831385837068,-1.715777469309528,0.7135712492118176,0.509183927701714,-2.0122763834287354,1.8582454767580956,-2.021651287065962,0.0028823561171506,1.9876541028402053,1.95082181833095,2.0245336431831125,1053.1882568270362,33.4949493613756,4.298521877619113,18.47729033237015,33.75026382779499,33.76964499448412,24.23768156950588,41.04669454497069,-0.22567065043137663,-0.7969974648531521,16.80901297546481,347818.6215313133,2.152160655737705,0.9137780860707793,0.8349903905831765,2.47,2.338115882219811,0.0,4.216,-1.741718553973315,1.5927434284017297,4.216,1667.369693,1.7034465573770496,0.7084103529222965,0.5018452281274927,1.9982,1.844878153691244,0.0006,1.9982,-1.9876756678396488,1.9508546567918694,1.9976,1038.0904976,1425.7798721311476,826.6039832857463,683274.1451838623,1424.5,1648.066257453921,0.0,2864.547,0.006167495614332177,-1.1939028710405502,2864.547,828417328.632243,05668.csv,discharge,B0005,151,05668.csv,1.360121677,0.008931101400000103,3.472169917741327,0.0035214594012338844,2841.3872,13.61779703931228,33.310027152312,0.21794442789693627,0.057849417,0.080787739,0.0011293113000000069,-0.00020931450000000965
3.4758956827369127,0.2314145023564493,0.053552671900883086,3.4796118458897225,3.4835906001093178,2.674198661305034,4.195703567262997,-0.33597434847955626,0.9780426246012657,1.5215049059579635,3677.027251158509,-1.7007216920098716,0.7281444869556636,0.5301943938839265,-2.0123307892070894,1.8500401799844366,-2.017592416950431,0.0024155477323689,1.905351379818867,1.6304024998186675,2.0200079646828,1037.0625462697244,33.491363029025784,4.320694493018863,18.668400902003526,33.810899515619354,33.76891763802919,24.167374158398008,41.0462053156659,-0.23760423561555508,-0.7987494137592352,16.878831157267893,345522.9589285317,2.1242673267326735,0.927770248933994,0.8607576348070451,2.457,2.318031343668809,0.0,4.211,-1.6750861954270888,1.328241710614499,4.211,1628.100601,1.6882508250825083,0.7231146592941662,0.522894810486118,1.998,1.8365962155242201,0.0006,1.9982,-1.9053613890098045,1.6304021517995428,1.9976,1022.04495464,1416.5705247524752,821.5066957474578,674873.2511579061,1415.156,1637.5424583061683,0.0,2846.39,0.006833163355724719,-1.1939441318133064,2846.39,812508226.7348889,05672.csv,discharge,B0005,152,05672.csv,1.339530687,0.00839571230000017,3.4728258510312076,0.003909404805840035,2843.209,13.540217298990681,33.38637543488937,0.19594266674045815,0.061423857,0.084963904,0.0014777923000000093,0.00012267300000000342
3.475812179626641,0.2298286633088004,0.05282121447830993,3.48133240404496,3.4834022912260956,2.696427051131168,4.195744519551191,-0.31306885907196685,0.9040367546871022,1.4993174684200228,3664.4956398008017,-1.6928138295817332,0.7355491829025723,0.5410326004686418,-2.0121745458510496,1.8457115869202902,-2.0171105982760715,0.0040085795198053,1.8656413398956389,1.4806479782597455,2.021119177795877,1028.8086811517285,33.329808599922345,4.3265778248452476,18.71927567444263,33.687246903496515,33.6094542797395,23.98739486311109,40.8683026432256,-0.24056150836972268,-0.7963330810961362,16.88090778011451,341137.81592853385,2.1110662251655627,0.9347411524610938,0.8737410221042937,2.4515000000000002,2.3087532629406446,0.0,4.211,-1.6434908554555518,1.205934991988297,4.211,1609.763172,1.6805913907284769,0.7303087621036397,0.5333508880053507,1.998,1.8324132477680974,0.0006,1.9982,-1.8656481028200131,1.4806429554366094,1.9976,1014.0369698000002,1412.0950198675496,818.8881760002397,670577.8447929996,1410.6955,1632.3572494793334,0.0,2837.969,0.0072335222483069506,-1.1932042994968728,2837.969,804706237.358176,05676.csv,discharge,B0005,153,05676.csv,1.329028657,0.0037129498999999466,3.4732253494673784,0.00413146916260671,2843.0998,13.58964935912208,33.3593336525008,0.19165923873558513,0.05952338,0.087208331,0.0015136864999999997,0.0004299004000000006
3.4746554404904435,0.2303410490299951,0.053056998868238614,3.4813413419053534,3.48228192841965,2.692834029769684,4.196363050482315,-0.32013909958095055,0.9019654236550774,1.503529020712631,3662.138803557419,-1.6861104874993165,0.7415448385525264,0.5498887475838924,-2.0120598554876183,1.841971043105476,-2.0165753451036377,0.0036169899531147,1.8321858423331354,1.3569387614547894,2.0201923350567523,1024.6429117390007,33.27302769298771,4.342373783875506,18.856210078889283,33.648668618483526,33.555187109256536,23.87546148452671,40.85283588259973,-0.245101388047523,-0.7870725490044994,16.977374398073017,340037.07574503927,2.099188741721854,0.940652085083143,0.8848263451712645,2.447,2.3003086137609987,0.0,4.211,-1.6155038618000126,1.1000094422341382,4.211,1598.0087550000003,1.6739662251655631,0.7364182521981099,0.5423118421705189,1.998,1.8287905197604135,0.0006,1.9982,-1.832195684900226,1.3569411237178537,1.9976,1010.0313790800001,1412.0039006622515,818.9584583022782,670692.9564248443,1410.4299999999998,1632.3136867374049,0.0,2838.156,0.007518705803829581,-1.1931010992439972,2838.156,804663287.516898,05680.csv,discharge,B0005,154,05680.csv,1.323674127,-0.0031489610000000998,3.474127907832673,0.0037664707566687034,2845.0654000000004,11.463326799139471,33.32541537081747,0.1882106922158464,0.059261591,0.087778687,0.0003106640999999941,0.0005240262000000033
3.472301781313945,0.23135728351469484,0.05352619263529888,3.479349003352393,3.4800008409699115,2.681747855329962,4.1957929878569455,-0.33306220730147873,0.9139324103138398,1.5140451325269835,3645.232161798539,-1.685043785043406,0.7425021379234664,0.5513094248209184,-2.0120799108813503,1.8413804556186442,-2.0157688095228656,0.0028522205733032,1.8268202896214198,1.3373009337241673,2.0186210300961687,1020.595276682632,33.229879126701434,4.372506036726199,19.118809041207058,33.618374699291984,33.51631954460983,23.800482246729,40.85270645265791,-0.24244324657680455,-0.7957439384843576,17.052224205928912,338126.44642073475,2.093039867109635,0.9399500437732587,0.883506084789351,2.441,2.2944110290224087,0.0,4.211,-1.6087500027957027,1.0805446089843116,4.211,1584.560913,1.6728817275747505,0.7374015336023799,0.5437610217591419,1.998,1.8281942720106705,0.0006,1.9982,-1.8268282452081315,1.3373015216398274,1.9976,1006.0305831600002,1407.4806644518271,816.5433451362575,666743.0344863093,1406.015,1627.18924999278,0.0,2829.843,0.007589894576906038,-1.1931792085783792,2829.843,796971201.442912,05684.csv,discharge,B0005,155,05684.csv,1.318633897,-0.009883212000000146,3.4750835336503734,0.0017246485339638099,2843.3810000000003,13.199634938280857,33.363805562002575,0.12329062060166003,0.059523785,0.088430078,0.0001186469999999905,0.0018099461000000117
3.4729305773503527,0.23009227143713634,0.05294245337510083,3.480342338237123,3.4805443896709827,2.696791414385091,4.195797286482793,-0.3195118805265247,0.8716415676579325,1.499005872097702,3646.3709637895163,-1.678524839793589,0.7485063258578094,0.5602617198491572,-2.012301863553561,1.837854008797557,-2.016274841649268,0.0012910201456034,1.7942033064259024,1.2191930767444088,2.0175658617948717,1016.6899146536285,33.20860833999321,4.375591656512412,19.14580234454104,33.62591570353205,33.495633599375424,23.75244046991811,40.8263251809212,-0.24703274591685181,-0.7910653942770605,17.073884711003092,337709.1985373059,2.085581395348837,0.9473908798670146,0.8975494792551961,2.441,2.2906765891064587,0.0,4.211,-1.583487770871223,0.9825981892751767,4.211,1579.40697,1.6662524916943522,0.7434135233813569,0.5526636667462833,1.998,1.8245714655293501,0.0006,1.9982,-1.7942137613767182,1.2192031109151236,1.9976,1002.0473708800001,1407.898392026578,816.3520838766038,666430.7248496736,1406.375,1627.454640572418,0.0,2829.625,0.007567540262845161,-1.1925313922541372,2829.625,797231190.74333,05688.csv,discharge,B0005,156,05688.csv,1.313475132,-0.006250586999999695,3.474319132303659,0.0016451135712005779,2836.3966,6.968504380708053,33.3065373577261,0.11323819366003142,0.059676648,0.08584375,-0.00034940129999999603,0.00029814390000002536
3.4696192030612285,0.23314646442584397,0.054357273874271334,3.4774056138238407,3.4774437002093226,2.664695973142795,4.196349384378125,-0.3486511628283126,0.9360650203521521,1.5316534112353306,3627.7844064376513,-1.6839115230941766,0.7436617614037866,0.5530328153741824,-2.012197066422532,1.8408125469432057,-2.016821101865832,0.0042895806992014,1.8214386597434886,1.3176698458741862,2.0211106825650336,1016.5772498950596,33.236115055926255,4.397428370935167,19.337376277505516,33.617430079757085,33.52576203888994,23.77068333600904,40.90308836809665,-0.2382805960873985,-0.8030706345450023,17.132405032087608,337193.0160864821,2.0900600000000003,0.9408142128319846,0.8851313830666669,2.4395,2.2920475969461602,0.0,4.211,-1.6012512669160806,1.0580657725139142,4.211,1576.044656,1.671814,0.7383954378271849,0.545227822604,1.998,1.8276186345077576,0.0006,1.9982,-1.8214466556441165,1.317668023468518,1.9976,1002.0569619600001,1402.69259,813.653710393229,662032.3604366685,1401.367,1621.59762656387,0.0,2819.437,0.0074573854087650205,-1.1933636693809615,2819.437,788873658.743273,05692.csv,discharge,B0005,157,05692.csv,1.313202063,-0.004185218299999925,3.4730638363685222,0.0023743724876280816,2831.0060000000003,7.692648438866811,33.25548776310619,0.04759206939890282,0.059759885,0.086624836,8.88067000000051e-05,-0.00031019269999997567
3.470018470757559,0.23190105437347439,0.053778099019529124,3.478462894104731,3.477758802219924,2.679191623358613,4.195609431921248,-0.33692177449184907,0.8934702163073189,1.5164178085626352,3628.4418859254474,-1.6773783325850857,0.749467869640777,0.5617020876238848,-2.012139637077194,1.8371989979993477,-2.01659334421236,0.0019608791198133,1.7888477888132057,1.2000029080909291,2.018554223332173,1012.5900474749421,33.18660088296571,4.3975602464184975,19.338536120880313,33.60262669048493,33.47669359847446,23.69874029857621,40.84337405460518,-0.24509629595358265,-0.7954212756583368,17.144633756028966,336206.7042858423,2.08167,0.9479304586483829,0.8985721544333336,2.4379999999999997,2.287339533898134,0.0,4.211,-1.575171459934449,0.9598087747780957,4.211,1569.5766429999999,1.665160666666667,0.7444034330385343,0.5541364711195556,1.998,1.8239782117485215,0.0006,1.9982,-1.7888543327815234,1.1999999302523205,1.9976,998.0689550800001,1402.5220166666666,813.5646573651352,661887.4517136498,1400.883,1621.4053962375922,0.0,2819.579,0.007818134546481679,-1.1929363964519202,2819.579,788686637.684515,05696.csv,discharge,B0005,158,05696.csv,1.307795995,-0.0037188097999998554,3.471905094594706,0.0020951149961335328,2827.328,7.924044106643752,33.226846219714865,0.032327023176959666,0.059502592,0.086368829,7.181020000000437e-05,-0.00046249579999998916
3.470762691935286,0.23041567165870694,0.053091381745933044,3.478750782147286,3.478402657179846,2.699983457940659,4.195339917236225,-0.3117284616875197,0.8310855142808249,1.4953564592955662,3617.6862285972684,-1.676425373206175,0.7504749213693337,0.5632126076043076,-2.012389150051558,1.8367402210257635,-2.018075144841628,0.0018902843294412,1.7834677952776112,1.1807935751876633,2.0199654291710694,1008.7107772205975,33.174058099115534,4.403923127546659,19.394538913340348,33.60426686496052,33.46509628966923,23.681325932299053,40.81792110626284,-0.24591639271329757,-0.8009542548009159,17.136595173963784,334853.8882333732,2.0771438127090303,0.9471644583125362,0.89712051109048,2.434,2.2829031801120885,0.0,4.21,-1.5741487191812744,0.951875844314237,4.21,1558.282432,1.664084949832776,0.7454146814796887,0.5556430473654658,1.998,1.823409380151758,0.0006,1.9982,-1.7834805914186442,1.180803134824039,1.9976,994.1217085200001,1398.2912274247494,811.0041725087015,657727.7678265235,1396.75,1616.460987626839,0.0,2810.672,0.007723932633633726,-1.1930470528395323,2810.672,781270891.231341,05700.csv,discharge,B0005,159,05700.csv,1.303032919,-0.0036881092999998264,3.471126544883674,0.001437707412464446,2821.8312,8.06635916656902,33.20705230094043,0.02680954499078993,0.059555981,0.088218315,-1.096639999999315e-05,1.0155299999996789e-05
3.4681114670359947,0.232919708838876,0.05425159076558677,3.476337665438811,3.475924156041404,2.666300786624286,4.19540205700612,-0.34781265670749084,0.9198926695720169,1.5291012703818345,3612.532572827091,-1.67627880896028,0.7506572509412427,0.5634863083906638,-2.0123357584231902,1.8366809613430304,-2.018091528339797,0.0024103529115243,1.7834703888826877,1.1807952099662407,2.020501881251321,1008.6456891742275,33.253984518546055,4.4204604450448715,19.540470546206304,33.66182380537025,33.546504391753054,23.748579260944844,40.94699384765951,-0.23901973393587875,-0.8051880319916616,17.19841458671467,336485.01911486615,2.0771337792642144,0.9480111105441479,0.8987250657151485,2.434,2.2832454538826052,0.0,4.21,-1.5680928900820816,0.9397144016167505,4.21,1558.7497309999999,1.6640849498327759,0.7454146814796887,0.5556430473654658,1.998,1.823409380151758,0.0006,1.9982,-1.7834805914186431,1.1808031348240382,1.9976,994.1217085200001,1398.6769130434782,811.1490087933252,657962.7144663938,1397.078,1616.867286312401,0.0,2811.485,0.007987181174499583,-1.1926770380914964,2811.485,781663686.642621,05704.csv,discharge,B0005,160,05704.csv,1.303357356,-0.0030404696000001026,3.470288482028084,0.0017653453930018836,2818.1596,7.676527261993512,33.21187337930935,0.03331802028300228,0.059491365,0.088730298,-5.7447000000002786e-05,0.0007366575000000028
3.4648625780221494,0.2358919511891503,0.05564501263582447,3.4739064631036474,3.4728831965981977,2.630850137384784,4.195685302232799,-0.38160339516247316,1.0048524957547063,1.5648351648480148,3594.1534737698066,-1.6817992883033976,0.7455663662944304,0.5558692065494807,-2.0120858204873233,1.8396516117698196,-2.0177167019715503,0.0043239362691777,1.8106320918123298,1.27842081126418,2.022040638240728,1008.5267797008139,33.3198093248819,4.448685891734653,19.790806163318944,33.70536157758223,33.61548005919008,23.789078897860136,41.07493805830632,-0.23258085100558956,-0.8136884758801806,17.285859160446186,336740.14888372214,2.0838758389261742,0.9425797749978695,0.8884566322350343,2.434,2.28713688796611,0.0,4.211,-1.5849869862829735,1.0123148140569764,4.211,1558.8365529999999,1.669631543624161,0.7403867978390727,0.5481726104143959,1.998,1.8264287836866773,0.0006,1.9982,-1.8106406624753202,1.2784197175850975,1.9976,994.0809463600002,1393.6352751677853,808.6545062318717,653922.1104491121,1391.8595,1611.254601433647,0.0,2802.422,0.008701706978939901,-1.1929363671002389,2802.422,773650134.411048,05708.csv,discharge,B0005,161,05708.csv,1.303410044,-0.002402267700000103,3.4686748821624436,0.0023402468557874663,2812.719,7.1402433084724395,33.23411357628709,0.058323961540633434,0.060521149,0.08753624,0.00015113009999999892,0.00041842770000000395
3.467864133752208,0.23263190858264066,0.054117604890802085,3.4770144482969516,3.4756581038784233,2.673348140468748,4.195561297751176,-0.33539152520862514,0.8870928952166621,1.5222131572824282,3599.8993780066157,-1.6750812261110137,0.7514866168761039,0.5647321353438921,-2.0120893040106145,1.835927354067548,-2.0160479224870884,0.0021385267941699,1.778083130702472,1.1616098532533625,2.0181864492812585,1004.4475163252134,33.33765795318199,4.4180440266599135,19.51911302150534,33.76294159685912,33.62913247208235,23.827460066667,41.02476444658572,-0.24304186660016316,-0.8020217958894227,17.19730437991872,337013.72814580926,2.0770704697986577,0.9499245033938757,0.9023565621481013,2.434,2.283982990010591,0.0,4.211,-1.5624618386598614,0.9221570639928278,4.211,1554.540333,1.6628946308724832,0.746385142162524,0.5570907804409713,1.998,1.8227203114645711,0.0006,1.9982,-1.7780924618339335,1.161612865901093,1.9976,990.04818148,1393.5037281879195,808.4023452295777,653514.3517726812,1391.8125,1611.0142743769566,0.0,2801.625,0.008261697692235283,-1.1926779248987895,2801.625,773419363.689401,05712.csv,discharge,B0005,162,05712.csv,1.297887081,-0.0019440703000001113,3.468323868300639,0.0022943702160409273,2809.1566,7.389589657364183,33.25442215573823,0.07460224197093544,0.059826779,0.088538019,0.00016135419999999898,0.00036563049999999094
3.464021404592563,0.23584682860658687,0.05562372656378477,3.4730735281428355,3.4720409009744135,2.632763831012711,4.196066962029683,-0.38032122078573666,0.9892892310667318,1.5633031310169718,3592.4102693756868,-1.675366426273468,0.7513142100782045,0.5644730422654364,-2.0123906236660947,1.8361170182071098,-2.017067096348242,0.0014821450901276,1.7780806772228173,1.1616019570520093,2.01854924143837,1004.6550599558309,33.29076744042025,4.452871364364479,19.828063387577178,33.702150677010216,33.58724847557063,23.73823038565628,41.06214198725253,-0.23424216608179113,-0.808537490371632,17.32391160159625,336174.7715275971,2.073318791946309,0.948855100844455,0.9003260023985409,2.431,2.280126491104439,0.0,4.211,-1.5579880762168425,0.9136799815324013,4.211,1549.295091,1.6628986577181208,0.7463833585481802,0.5570881179176613,1.998,1.8227232548465468,0.0006,1.9982,-1.778092460791615,1.1616128695755892,1.9976,990.0513790000001,1393.605275167785,808.4591034551935,653606.1219595752,1391.6715,1611.1305921417586,0.0,2802.031,0.00862560741111374,-1.1926952445761145,2802.031,773531051.910646,05716.csv,discharge,B0005,163,05716.csv,1.298073506,-0.0015389100999998295,3.4671244550676406,0.0027158375645410437,2805.647,4.974571187978004,33.275255467229144,0.0648326660875972,0.057944394,0.088905199,-0.0002887759999999823,0.00011814890000000606
3.4664623858156745,0.23332688158658493,0.05444143367092023,3.475352735587701,3.474306104238056,2.6687371180046218,4.196640912532072,-0.3347920616535174,0.8825011975656034,1.5279037945274498,3585.0284630659075,-1.6744879201095209,0.7524291600776425,0.5661496409351465,-2.012550519227647,1.8357721632947417,-2.018208092691312,0.001664565598057,1.772681260569274,1.1424287784521479,2.019872658289369,1000.9076523517731,33.27568841807217,4.4397651815234,19.711514867067514,33.70023771373325,33.57056678943163,23.73611267134457,40.98366325567302,-0.24072477092929817,-0.8073651601233771,17.24755058432845,334713.937505416,2.07316835016835,0.9500882141969049,0.9026676147558639,2.43,2.2805031512575513,0.0,4.211,-1.5569070797032363,0.9051871567833616,4.211,1544.606303,1.6617986531986533,0.7473996159062245,0.5586061858567719,1.998,1.8221363696577788,0.0006,1.9982,-1.7726897565914115,1.14242907740989,1.9976,986.09374204,1388.9813872053871,806.0737625438699,649754.9106616311,1387.093,1605.9340598743877,0.0,2793.39,0.008970104486766849,-1.192587966379511,2793.39,765970188.785396,05720.csv,discharge,B0005,164,05720.csv,1.293463614,-0.002512402199999856,3.466264393843718,0.0018032010670420864,2802.1906,6.407717089908049,33.29558153102047,0.03356573459336022,0.061759312,0.084721273,0.00019591389999999888,-0.0006649090999999848
3.46850906693551,0.23101301888377165,0.053367014893793835,3.4770313750457,3.4761936313024386,2.696396337945361,4.1956235749123225,-0.30971918131849113,0.8148014002365409,1.4992272369669615,3588.924882205368,-1.6674467270234996,0.7584698210792726,0.5752764694880239,-2.0122775072260373,1.83184471420189,-2.018933300007017,0.002688419180445,1.740922710441912,1.0308456182062642,2.021621719187462,996.6295519139733,33.32067807371405,4.41924833390441,19.529755836716905,33.771665585826106,33.61245815361925,23.80026564355092,40.98234242711097,-0.24672729237800198,-0.7991154665380997,17.182076783560053,335549.8109092551,2.064188552188552,0.9565325697751565,0.9149545570406648,2.428,2.2750448206633065,0.0,4.211,-1.5335207043633332,0.8155710583567961,4.211,1537.221194,1.6550861952861953,0.7533131327259441,0.567480675937376,1.998,1.818458410237724,0.0006,1.9982,-1.7409325954648847,1.030846409902069,1.9976,982.1169239600001,1389.3044511784512,806.0122101811336,649655.6829610759,1387.39,1606.182598905035,0.0,2793.39,0.008767856126518368,-1.1926254063733948,2793.39,766207294.6845239,05724.csv,discharge,B0005,165,05724.csv,1.288003393,-0.0035236769000000323,3.4663439138236214,0.0019105887265510027,2798.5716,4.738518682493478,33.30892024205407,0.025082628965834415,0.05898908,0.085736219,-0.00011316050000000208,-0.0007416787999999942
3.466806213058136,0.2324429767597101,0.05402973744491513,3.475453305067103,3.474589911967081,2.6794834862925194,4.195862008850563,-0.32769928392286757,0.853275958966198,1.5163785225580435,3585.6141917339924,-1.6674702882406252,0.7586689544577084,0.5755785824579525,-2.0123225758994394,1.8319486195369197,-2.023790681896976,0.0026918488897051,1.7409162819714277,1.0308314595946628,2.0264825307866814,996.7426161530982,33.37314972896719,4.432728785638637,19.649084487029388,33.82583632637056,33.66624730080696,23.849121770252687,41.06375085817118,-0.24517620476837382,-0.8030057417516172,17.214629087918496,336624.6135737703,2.0627171717171717,0.9563806812928887,0.9146640075502499,2.428,2.27364600104043,0.0,4.211,-1.5300223399686128,0.8083018338258179,4.211,1535.331443,1.65510303030303,0.7533154416559387,0.5674841546372819,1.998,1.8184746892809798,0.0006,1.9982,-1.7409325963939655,1.0308464189514162,1.9976,982.13450808,1388.6851851851852,805.7661643053375,649259.1115393362,1386.782,1605.5234831954804,0.0,2792.485,0.0087756218016514,-1.1927157638569692,2792.485,765578579.562368,05728.csv,discharge,B0005,166,05728.csv,1.287452522,-0.003093923099999954,3.4667326408308186,0.0017222963248944062,2796.5842000000002,4.803294775917964,33.31958832287113,0.038582276455792215,0.057630297,0.087423893,-0.0003348277999999924,-0.0005397231999999971
3.4710707220080397,0.22979381916428507,0.05280519932610815,3.4768315897732576,3.478668877100481,2.6787137407179737,4.18482689434833,-0.33622950460021184,0.959041123277597,1.506113153630356,3606.1388726392415,-1.6888978346592105,0.739392013708175,0.54670054993543,-2.0124327537025124,1.8436584406695293,-2.017308526034403,0.0013355993263935,1.8439852696349688,1.4003166077795992,2.0186441253607965,1012.9247808638962,33.71351889594897,4.153195340111811,17.249031533126463,34.01963400241777,33.96837334758075,24.92195746617458,41.047029587744966,-0.19143509417232876,-0.8393931412635207,16.125072121570387,343847.4155884291,2.107459731543624,0.9399789409621243,0.8835604094522769,2.452,2.3075846527332864,0.0,4.2,-1.628113230392482,1.140586530639201,4.2,1586.8341850000002,1.6764295302013426,0.7343025822843358,0.5392002823494437,1.9982,1.8301956868271045,0.0006,1.9982,-1.8439992636513114,1.4003333249337189,1.9976,998.1856431199999,1393.789744966443,808.5025557972924,653676.3827307539,1392.0235,1611.3119610753145,0.0,2802.016,0.00821990153264036,-1.1929458290077846,2802.016,773705218.2995039,05732.csv,discharge,B0005,167,05732.csv,1.309015364,0.0015872624000000189,3.4673739584819847,0.002614739420262089,2796.6623999999997,4.907921485146264,33.39476051142453,0.1820404236923507,0.057823749,0.08975687,-0.0004370305000000185,0.0004405962000000276
3.475472204020004,0.2355928568279962,0.05550399418837671,3.479557571496475,3.4834481530667336,2.655378369801326,4.201968615940368,-0.3298731584454741,0.9680382893206181,1.5465902461390422,3640.323310531211,-1.6979281889133206,0.7314040443688112,0.534951876119054,-2.0129799362613565,1.8487595870814364,-2.017696449416675,0.0033069171348786,1.8891008941485357,1.568741400913666,2.0210033665515534,1025.373603247657,33.86531768239223,4.009191205685926,16.07361412374937,34.19453434287823,34.101808688881846,25.09329713312876,41.051007697556734,-0.237807950737107,-0.7266568146140857,15.957710564427973,348880.0067559292,2.12023,0.9314425749520652,0.8675852704333334,2.455,2.3158066679525158,0.0,4.217,-1.6599567583002857,1.274122712694166,4.217,1608.8881569999999,1.6852640000000003,0.7261074099865207,0.5272319708373333,1.9982,1.8350331660581325,0.0006,1.9984,-1.8891133738995958,1.5687494087048561,1.9978,1010.20401616,1403.070956666667,813.8978217060877,662429.6641779146,1401.562,1622.0474017794393,0.0,2820.39,0.00801805596709519,-1.193069008851285,2820.39,789311332.0858289,05734.csv,discharge,B0005,168,05734.csv,1.325079329,0.008424340100000208,3.469664118367473,0.0037237498120353315,2800.3342000000002,11.865046700469403,33.50967055981892,0.26322175045698704,0.057823749,0.08975687,-0.0009036457000000031,0.0014091845000000164
